﻿<?xml version="1.0" encoding="utf-8"?>
<TextureAtlas imagePath="bfChristmas.png">
	<!-- Created with Adobe Animate version 20.5.0.29329 -->
	<!-- http://www.adobe.com/products/animate.html -->
	<SubTexture name="BF HEY!!0000" x="0" y="0" width="420" height="521" pivotX="-231.6" pivotY="256.35" frameX="-32" frameY="-3" frameWidth="452" frameHeight="524"/>
	<SubTexture name="BF HEY!!0001" x="420" y="0" width="443" height="520" frameX="0" frameY="0" frameWidth="452" frameHeight="524"/>
	<SubTexture name="BF HEY!!0002" x="863" y="0" width="444" height="520" frameX="0" frameY="0" frameWidth="452" frameHeight="524"/>
	<SubTexture name="BF HEY!!0003" x="863" y="0" width="444" height="520" frameX="0" frameY="0" frameWidth="452" frameHeight="524"/>
	<SubTexture name="BF HEY!!0004" x="863" y="0" width="444" height="520" frameX="0" frameY="0" frameWidth="452" frameHeight="524"/>
	<SubTexture name="BF HEY!!0005" x="863" y="0" width="444" height="520" frameX="0" frameY="0" frameWidth="452" frameHeight="524"/>
	<SubTexture name="BF HEY!!0006" x="863" y="0" width="444" height="520" frameX="0" frameY="0" frameWidth="452" frameHeight="524"/>
	<SubTexture name="BF HEY!!0007" x="863" y="0" width="444" height="520" frameX="0" frameY="0" frameWidth="452" frameHeight="524"/>
	<SubTexture name="BF HEY!!0008" x="863" y="0" width="444" height="520" frameX="0" frameY="0" frameWidth="452" frameHeight="524"/>
	<SubTexture name="BF HEY!!0009" x="863" y="0" width="444" height="520" frameX="0" frameY="0" frameWidth="452" frameHeight="524"/>
	<SubTexture name="BF HEY!!0010" x="863" y="0" width="444" height="520" frameX="0" frameY="0" frameWidth="452" frameHeight="524"/>
	<SubTexture name="BF HEY!!0011" x="863" y="0" width="444" height="520" frameX="0" frameY="0" frameWidth="452" frameHeight="524"/>
	<SubTexture name="BF HEY!!0012" x="863" y="0" width="444" height="520" frameX="0" frameY="0" frameWidth="452" frameHeight="524"/>
	<SubTexture name="BF HEY!!0013" x="863" y="0" width="444" height="520" frameX="0" frameY="0" frameWidth="452" frameHeight="524"/>
	<SubTexture name="BF HEY!!0014" x="863" y="0" width="444" height="520" frameX="0" frameY="0" frameWidth="452" frameHeight="524"/>
	<SubTexture name="BF HEY!!0015" x="863" y="0" width="444" height="520" frameX="0" frameY="0" frameWidth="452" frameHeight="524"/>
	<SubTexture name="BF HEY!!0016" x="863" y="0" width="444" height="520" frameX="0" frameY="0" frameWidth="452" frameHeight="524"/>
	<SubTexture name="BF HEY!!0017" x="863" y="0" width="444" height="520" frameX="0" frameY="0" frameWidth="452" frameHeight="524"/>
	<SubTexture name="BF HEY!!0018" x="863" y="0" width="444" height="520" frameX="0" frameY="0" frameWidth="452" frameHeight="524"/>
	<SubTexture name="BF HEY!!0019" x="863" y="0" width="444" height="520" frameX="0" frameY="0" frameWidth="452" frameHeight="524"/>
	<SubTexture name="BF HEY!!0020" x="863" y="0" width="444" height="520" frameX="0" frameY="0" frameWidth="452" frameHeight="524"/>
	<SubTexture name="BF HEY!!0021" x="863" y="0" width="444" height="520" frameX="0" frameY="0" frameWidth="452" frameHeight="524"/>
	<SubTexture name="BF HEY!!0022" x="863" y="0" width="444" height="520" frameX="0" frameY="0" frameWidth="452" frameHeight="524"/>
	<SubTexture name="BF HEY!!0023" x="863" y="0" width="444" height="520" frameX="0" frameY="0" frameWidth="452" frameHeight="524"/>
	<SubTexture name="BF HEY!!0024" x="863" y="0" width="444" height="520" frameX="0" frameY="0" frameWidth="452" frameHeight="524"/>
	<SubTexture name="BF NOTE DOWN0000" x="1307" y="0" width="510" height="410" pivotX="6.2" pivotY="-16.75" frameX="-12" frameY="-10" frameWidth="522" frameHeight="421"/>
	<SubTexture name="BF NOTE DOWN0001" x="1307" y="0" width="510" height="410" frameX="-12" frameY="-10" frameWidth="522" frameHeight="421"/>
	<SubTexture name="BF NOTE DOWN0002" x="1817" y="0" width="517" height="421" frameX="0" frameY="0" frameWidth="522" frameHeight="421"/>
	<SubTexture name="BF NOTE DOWN0003" x="1817" y="0" width="517" height="421" frameX="0" frameY="0" frameWidth="522" frameHeight="421"/>
	<SubTexture name="BF NOTE DOWN0004" x="1817" y="0" width="517" height="421" frameX="0" frameY="0" frameWidth="522" frameHeight="421"/>
	<SubTexture name="BF NOTE DOWN0005" x="1817" y="0" width="517" height="421" frameX="0" frameY="0" frameWidth="522" frameHeight="421"/>
	<SubTexture name="BF NOTE DOWN0006" x="1817" y="0" width="517" height="421" frameX="0" frameY="0" frameWidth="522" frameHeight="421"/>
	<SubTexture name="BF NOTE DOWN0007" x="1817" y="0" width="517" height="421" frameX="0" frameY="0" frameWidth="522" frameHeight="421"/>
	<SubTexture name="BF NOTE DOWN0008" x="1817" y="0" width="517" height="421" frameX="0" frameY="0" frameWidth="522" frameHeight="421"/>
	<SubTexture name="BF NOTE DOWN0009" x="1817" y="0" width="517" height="421" frameX="0" frameY="0" frameWidth="522" frameHeight="421"/>
	<SubTexture name="BF NOTE DOWN0010" x="1817" y="0" width="517" height="421" frameX="0" frameY="0" frameWidth="522" frameHeight="421"/>
	<SubTexture name="BF NOTE DOWN MISS0000" x="2334" y="0" width="509" height="409" pivotX="94.25" pivotY="32.75" frameX="0" frameY="-23" frameWidth="509" frameHeight="432"/>
	<SubTexture name="BF NOTE DOWN MISS0001" x="2843" y="0" width="494" height="431" frameX="-11" frameY="0" frameWidth="509" frameHeight="432"/>
	<SubTexture name="BF NOTE DOWN MISS0002" x="2843" y="0" width="494" height="431" frameX="-11" frameY="0" frameWidth="509" frameHeight="432"/>
	<SubTexture name="BF NOTE DOWN MISS0003" x="3337" y="0" width="498" height="425" frameX="-8" frameY="-3" frameWidth="509" frameHeight="432"/>
	<SubTexture name="BF NOTE DOWN MISS0004" x="3337" y="0" width="498" height="425" frameX="-8" frameY="-3" frameWidth="509" frameHeight="432"/>
	<SubTexture name="BF NOTE DOWN MISS0005" x="0" y="521" width="498" height="425" frameX="-8" frameY="-3" frameWidth="509" frameHeight="432"/>
	<SubTexture name="BF NOTE DOWN MISS0006" x="0" y="521" width="498" height="425" frameX="-8" frameY="-3" frameWidth="509" frameHeight="432"/>
	<SubTexture name="BF NOTE DOWN MISS0007" x="3337" y="0" width="498" height="425" frameX="-8" frameY="-3" frameWidth="509" frameHeight="432"/>
	<SubTexture name="BF NOTE DOWN MISS0008" x="3337" y="0" width="498" height="425" frameX="-8" frameY="-3" frameWidth="509" frameHeight="432"/>
	<SubTexture name="BF NOTE DOWN MISS0009" x="0" y="521" width="498" height="425" frameX="-8" frameY="-3" frameWidth="509" frameHeight="432"/>
	<SubTexture name="BF NOTE DOWN MISS0010" x="0" y="521" width="498" height="425" frameX="-8" frameY="-3" frameWidth="509" frameHeight="432"/>
	<SubTexture name="BF NOTE DOWN MISS0011" x="3337" y="0" width="498" height="425" frameX="-8" frameY="-3" frameWidth="509" frameHeight="432"/>
	<SubTexture name="BF NOTE DOWN MISS0012" x="3337" y="0" width="498" height="425" frameX="-8" frameY="-3" frameWidth="509" frameHeight="432"/>
	<SubTexture name="BF NOTE DOWN MISS0013" x="0" y="521" width="498" height="425" frameX="-8" frameY="-3" frameWidth="509" frameHeight="432"/>
	<SubTexture name="BF NOTE DOWN MISS0014" x="0" y="521" width="498" height="425" frameX="-8" frameY="-3" frameWidth="509" frameHeight="432"/>
	<SubTexture name="BF NOTE DOWN MISS0015" x="3337" y="0" width="498" height="425" frameX="-8" frameY="-3" frameWidth="509" frameHeight="432"/>
	<SubTexture name="BF NOTE DOWN MISS0016" x="3337" y="0" width="498" height="425" frameX="-8" frameY="-3" frameWidth="509" frameHeight="432"/>
	<SubTexture name="BF NOTE DOWN MISS0017" x="0" y="521" width="498" height="425" frameX="-8" frameY="-3" frameWidth="509" frameHeight="432"/>
	<SubTexture name="BF NOTE DOWN MISS0018" x="0" y="521" width="498" height="425" frameX="-8" frameY="-3" frameWidth="509" frameHeight="432"/>
	<SubTexture name="BF NOTE DOWN MISS0019" x="3337" y="0" width="498" height="425" frameX="-8" frameY="-3" frameWidth="509" frameHeight="432"/>
	<SubTexture name="BF NOTE DOWN MISS0020" x="3337" y="0" width="498" height="425" frameX="-8" frameY="-3" frameWidth="509" frameHeight="432"/>
	<SubTexture name="BF NOTE DOWN MISS0021" x="0" y="521" width="498" height="425" frameX="-8" frameY="-3" frameWidth="509" frameHeight="432"/>
	<SubTexture name="BF NOTE DOWN MISS0022" x="0" y="521" width="498" height="425" frameX="-8" frameY="-3" frameWidth="509" frameHeight="432"/>
	<SubTexture name="BF NOTE DOWN MISS0023" x="3337" y="0" width="498" height="425" frameX="-8" frameY="-3" frameWidth="509" frameHeight="432"/>
	<SubTexture name="BF NOTE DOWN MISS0024" x="3337" y="0" width="498" height="425" frameX="-8" frameY="-3" frameWidth="509" frameHeight="432"/>
	<SubTexture name="BF NOTE LEFT0000" x="498" y="521" width="487" height="518" pivotX="11.65" pivotY="34.4" frameX="-7" frameY="-1" frameWidth="512" frameHeight="519"/>
	<SubTexture name="BF NOTE LEFT0001" x="498" y="521" width="487" height="518" frameX="-7" frameY="-1" frameWidth="512" frameHeight="519"/>
	<SubTexture name="BF NOTE LEFT0002" x="985" y="521" width="493" height="519" frameX="-1" frameY="0" frameWidth="512" frameHeight="519"/>
	<SubTexture name="BF NOTE LEFT0003" x="985" y="521" width="493" height="519" frameX="-1" frameY="0" frameWidth="512" frameHeight="519"/>
	<SubTexture name="BF NOTE LEFT0004" x="1478" y="521" width="512" height="519"/>
	<SubTexture name="BF NOTE LEFT0005" x="1478" y="521" width="512" height="519"/>
	<SubTexture name="BF NOTE LEFT0006" x="1478" y="521" width="512" height="519"/>
	<SubTexture name="BF NOTE LEFT0007" x="1478" y="521" width="512" height="519"/>
	<SubTexture name="BF NOTE LEFT0008" x="1478" y="521" width="512" height="519"/>
	<SubTexture name="BF NOTE LEFT0009" x="1478" y="521" width="512" height="519"/>
	<SubTexture name="BF NOTE LEFT0010" x="1478" y="521" width="512" height="519"/>
	<SubTexture name="BF NOTE LEFT0011" x="1478" y="521" width="512" height="519"/>
	<SubTexture name="BF NOTE LEFT0012" x="1478" y="521" width="512" height="519"/>
	<SubTexture name="BF NOTE LEFT0013" x="1478" y="521" width="512" height="519"/>
	<SubTexture name="BF NOTE LEFT0014" x="1478" y="521" width="512" height="519"/>
	<SubTexture name="BF NOTE LEFT0015" x="1478" y="521" width="512" height="519"/>
	<SubTexture name="BF NOTE LEFT0016" x="1478" y="521" width="512" height="519"/>
	<SubTexture name="BF NOTE LEFT MISS0000" x="1990" y="521" width="513" height="519" pivotX="-185.65" pivotY="257" frameX="0" frameY="-6" frameWidth="513" frameHeight="525"/>
	<SubTexture name="BF NOTE LEFT MISS0001" x="2503" y="521" width="459" height="500" frameX="-36" frameY="0" frameWidth="513" frameHeight="525"/>
	<SubTexture name="BF NOTE LEFT MISS0002" x="2503" y="521" width="459" height="500" frameX="-36" frameY="0" frameWidth="513" frameHeight="525"/>
	<SubTexture name="BF NOTE LEFT MISS0003" x="2962" y="521" width="460" height="499" frameX="-33" frameY="-6" frameWidth="513" frameHeight="525"/>
	<SubTexture name="BF NOTE LEFT MISS0004" x="2962" y="521" width="460" height="499" frameX="-33" frameY="-6" frameWidth="513" frameHeight="525"/>
	<SubTexture name="BF NOTE LEFT MISS0005" x="3422" y="521" width="460" height="499" frameX="-33" frameY="-6" frameWidth="513" frameHeight="525"/>
	<SubTexture name="BF NOTE LEFT MISS0006" x="3422" y="521" width="460" height="499" frameX="-33" frameY="-6" frameWidth="513" frameHeight="525"/>
	<SubTexture name="BF NOTE LEFT MISS0007" x="2962" y="521" width="460" height="499" frameX="-33" frameY="-6" frameWidth="513" frameHeight="525"/>
	<SubTexture name="BF NOTE LEFT MISS0008" x="2962" y="521" width="460" height="499" frameX="-33" frameY="-6" frameWidth="513" frameHeight="525"/>
	<SubTexture name="BF NOTE LEFT MISS0009" x="3422" y="521" width="460" height="499" frameX="-33" frameY="-6" frameWidth="513" frameHeight="525"/>
	<SubTexture name="BF NOTE LEFT MISS0010" x="3422" y="521" width="460" height="499" frameX="-33" frameY="-6" frameWidth="513" frameHeight="525"/>
	<SubTexture name="BF NOTE LEFT MISS0011" x="2962" y="521" width="460" height="499" frameX="-33" frameY="-6" frameWidth="513" frameHeight="525"/>
	<SubTexture name="BF NOTE LEFT MISS0012" x="2962" y="521" width="460" height="499" frameX="-33" frameY="-6" frameWidth="513" frameHeight="525"/>
	<SubTexture name="BF NOTE LEFT MISS0013" x="3422" y="521" width="460" height="499" frameX="-33" frameY="-6" frameWidth="513" frameHeight="525"/>
	<SubTexture name="BF NOTE LEFT MISS0014" x="3422" y="521" width="460" height="499" frameX="-33" frameY="-6" frameWidth="513" frameHeight="525"/>
	<SubTexture name="BF NOTE LEFT MISS0015" x="2962" y="521" width="460" height="499" frameX="-33" frameY="-6" frameWidth="513" frameHeight="525"/>
	<SubTexture name="BF NOTE LEFT MISS0016" x="2962" y="521" width="460" height="499" frameX="-33" frameY="-6" frameWidth="513" frameHeight="525"/>
	<SubTexture name="BF NOTE LEFT MISS0017" x="3422" y="521" width="460" height="499" frameX="-33" frameY="-6" frameWidth="513" frameHeight="525"/>
	<SubTexture name="BF NOTE LEFT MISS0018" x="3422" y="521" width="460" height="499" frameX="-33" frameY="-6" frameWidth="513" frameHeight="525"/>
	<SubTexture name="BF NOTE LEFT MISS0019" x="2962" y="521" width="460" height="499" frameX="-33" frameY="-6" frameWidth="513" frameHeight="525"/>
	<SubTexture name="BF NOTE LEFT MISS0020" x="2962" y="521" width="460" height="499" frameX="-33" frameY="-6" frameWidth="513" frameHeight="525"/>
	<SubTexture name="BF NOTE LEFT MISS0021" x="3422" y="521" width="460" height="499" frameX="-33" frameY="-6" frameWidth="513" frameHeight="525"/>
	<SubTexture name="BF NOTE LEFT MISS0022" x="3422" y="521" width="460" height="499" frameX="-33" frameY="-6" frameWidth="513" frameHeight="525"/>
	<SubTexture name="BF NOTE LEFT MISS0023" x="2962" y="521" width="460" height="499" frameX="-33" frameY="-6" frameWidth="513" frameHeight="525"/>
	<SubTexture name="BF NOTE LEFT MISS0024" x="2962" y="521" width="460" height="499" frameX="-33" frameY="-6" frameWidth="513" frameHeight="525"/>
	<SubTexture name="BF NOTE RIGHT0000" x="0" y="1040" width="462" height="520" pivotX="-36.05" pivotY="7.55"/>
	<SubTexture name="BF NOTE RIGHT0001" x="0" y="1040" width="462" height="520"/>
	<SubTexture name="BF NOTE RIGHT0002" x="462" y="1040" width="445" height="519" frameX="0" frameY="-1" frameWidth="462" frameHeight="520"/>
	<SubTexture name="BF NOTE RIGHT0003" x="462" y="1040" width="445" height="519" frameX="0" frameY="-1" frameWidth="462" frameHeight="520"/>
	<SubTexture name="BF NOTE RIGHT0004" x="462" y="1040" width="445" height="519" frameX="0" frameY="-1" frameWidth="462" frameHeight="520"/>
	<SubTexture name="BF NOTE RIGHT0005" x="462" y="1040" width="445" height="519" frameX="0" frameY="-1" frameWidth="462" frameHeight="520"/>
	<SubTexture name="BF NOTE RIGHT0006" x="462" y="1040" width="445" height="519" frameX="0" frameY="-1" frameWidth="462" frameHeight="520"/>
	<SubTexture name="BF NOTE RIGHT0007" x="462" y="1040" width="445" height="519" frameX="0" frameY="-1" frameWidth="462" frameHeight="520"/>
	<SubTexture name="BF NOTE RIGHT0008" x="462" y="1040" width="445" height="519" frameX="0" frameY="-1" frameWidth="462" frameHeight="520"/>
	<SubTexture name="BF NOTE RIGHT0009" x="462" y="1040" width="445" height="519" frameX="0" frameY="-1" frameWidth="462" frameHeight="520"/>
	<SubTexture name="BF NOTE RIGHT0010" x="462" y="1040" width="445" height="519" frameX="0" frameY="-1" frameWidth="462" frameHeight="520"/>
	<SubTexture name="BF NOTE RIGHT0011" x="462" y="1040" width="445" height="519" frameX="0" frameY="-1" frameWidth="462" frameHeight="520"/>
	<SubTexture name="BF NOTE RIGHT0012" x="462" y="1040" width="445" height="519" frameX="0" frameY="-1" frameWidth="462" frameHeight="520"/>
	<SubTexture name="BF NOTE RIGHT0013" x="462" y="1040" width="445" height="519" frameX="0" frameY="-1" frameWidth="462" frameHeight="520"/>
	<SubTexture name="BF NOTE RIGHT0014" x="462" y="1040" width="445" height="519" frameX="0" frameY="-1" frameWidth="462" frameHeight="520"/>
	<SubTexture name="BF NOTE RIGHT0015" x="462" y="1040" width="445" height="519" frameX="0" frameY="-1" frameWidth="462" frameHeight="520"/>
	<SubTexture name="BF NOTE RIGHT0016" x="462" y="1040" width="445" height="519" frameX="0" frameY="-1" frameWidth="462" frameHeight="520"/>
	<SubTexture name="BF NOTE RIGHT MISS0000" x="907" y="1040" width="462" height="520" pivotX="-323.6" pivotY="266" frameX="-10" frameY="-11" frameWidth="472" frameHeight="531"/>
	<SubTexture name="BF NOTE RIGHT MISS0001" x="1369" y="1040" width="443" height="521" frameX="-5" frameY="-1" frameWidth="472" frameHeight="531"/>
	<SubTexture name="BF NOTE RIGHT MISS0002" x="1369" y="1040" width="443" height="521" frameX="-5" frameY="-1" frameWidth="472" frameHeight="531"/>
	<SubTexture name="BF NOTE RIGHT MISS0003" x="1812" y="1040" width="445" height="522" frameX="0" frameY="0" frameWidth="472" frameHeight="531"/>
	<SubTexture name="BF NOTE RIGHT MISS0004" x="1812" y="1040" width="445" height="522" frameX="0" frameY="0" frameWidth="472" frameHeight="531"/>
	<SubTexture name="BF NOTE RIGHT MISS0005" x="2257" y="1040" width="445" height="522" frameX="0" frameY="0" frameWidth="472" frameHeight="531"/>
	<SubTexture name="BF NOTE RIGHT MISS0006" x="2257" y="1040" width="445" height="522" frameX="0" frameY="0" frameWidth="472" frameHeight="531"/>
	<SubTexture name="BF NOTE RIGHT MISS0007" x="1812" y="1040" width="445" height="522" frameX="0" frameY="0" frameWidth="472" frameHeight="531"/>
	<SubTexture name="BF NOTE RIGHT MISS0008" x="1812" y="1040" width="445" height="522" frameX="0" frameY="0" frameWidth="472" frameHeight="531"/>
	<SubTexture name="BF NOTE RIGHT MISS0009" x="2257" y="1040" width="445" height="522" frameX="0" frameY="0" frameWidth="472" frameHeight="531"/>
	<SubTexture name="BF NOTE RIGHT MISS0010" x="2257" y="1040" width="445" height="522" frameX="0" frameY="0" frameWidth="472" frameHeight="531"/>
	<SubTexture name="BF NOTE RIGHT MISS0011" x="1812" y="1040" width="445" height="522" frameX="0" frameY="0" frameWidth="472" frameHeight="531"/>
	<SubTexture name="BF NOTE RIGHT MISS0012" x="1812" y="1040" width="445" height="522" frameX="0" frameY="0" frameWidth="472" frameHeight="531"/>
	<SubTexture name="BF NOTE RIGHT MISS0013" x="2257" y="1040" width="445" height="522" frameX="0" frameY="0" frameWidth="472" frameHeight="531"/>
	<SubTexture name="BF NOTE RIGHT MISS0014" x="2257" y="1040" width="445" height="522" frameX="0" frameY="0" frameWidth="472" frameHeight="531"/>
	<SubTexture name="BF NOTE RIGHT MISS0015" x="1812" y="1040" width="445" height="522" frameX="0" frameY="0" frameWidth="472" frameHeight="531"/>
	<SubTexture name="BF NOTE RIGHT MISS0016" x="1812" y="1040" width="445" height="522" frameX="0" frameY="0" frameWidth="472" frameHeight="531"/>
	<SubTexture name="BF NOTE RIGHT MISS0017" x="2257" y="1040" width="445" height="522" frameX="0" frameY="0" frameWidth="472" frameHeight="531"/>
	<SubTexture name="BF NOTE RIGHT MISS0018" x="2257" y="1040" width="445" height="522" frameX="0" frameY="0" frameWidth="472" frameHeight="531"/>
	<SubTexture name="BF NOTE RIGHT MISS0019" x="1812" y="1040" width="445" height="522" frameX="0" frameY="0" frameWidth="472" frameHeight="531"/>
	<SubTexture name="BF NOTE RIGHT MISS0020" x="1812" y="1040" width="445" height="522" frameX="0" frameY="0" frameWidth="472" frameHeight="531"/>
	<SubTexture name="BF NOTE RIGHT MISS0021" x="2257" y="1040" width="445" height="522" frameX="0" frameY="0" frameWidth="472" frameHeight="531"/>
	<SubTexture name="BF NOTE RIGHT MISS0022" x="2257" y="1040" width="445" height="522" frameX="0" frameY="0" frameWidth="472" frameHeight="531"/>
	<SubTexture name="BF NOTE RIGHT MISS0023" x="1812" y="1040" width="445" height="522" frameX="0" frameY="0" frameWidth="472" frameHeight="531"/>
	<SubTexture name="BF NOTE RIGHT MISS0024" x="1812" y="1040" width="445" height="522" frameX="0" frameY="0" frameWidth="472" frameHeight="531"/>
	<SubTexture name="BF NOTE UP0000" x="2702" y="1040" width="486" height="516" pivotX="4.8" pivotY="-0.3"/>
	<SubTexture name="BF NOTE UP0001" x="2702" y="1040" width="486" height="516"/>
	<SubTexture name="BF NOTE UP0002" x="3188" y="1040" width="482" height="516" frameX="-1" frameY="0" frameWidth="486" frameHeight="516"/>
	<SubTexture name="BF NOTE UP0003" x="3188" y="1040" width="482" height="516" frameX="-1" frameY="0" frameWidth="486" frameHeight="516"/>
	<SubTexture name="BF NOTE UP0004" x="3188" y="1040" width="482" height="516" frameX="-1" frameY="0" frameWidth="486" frameHeight="516"/>
	<SubTexture name="BF NOTE UP0005" x="3188" y="1040" width="482" height="516" frameX="-1" frameY="0" frameWidth="486" frameHeight="516"/>
	<SubTexture name="BF NOTE UP0006" x="3188" y="1040" width="482" height="516" frameX="-1" frameY="0" frameWidth="486" frameHeight="516"/>
	<SubTexture name="BF NOTE UP0007" x="3188" y="1040" width="482" height="516" frameX="-1" frameY="0" frameWidth="486" frameHeight="516"/>
	<SubTexture name="BF NOTE UP0008" x="3188" y="1040" width="482" height="516" frameX="-1" frameY="0" frameWidth="486" frameHeight="516"/>
	<SubTexture name="BF NOTE UP0009" x="3188" y="1040" width="482" height="516" frameX="-1" frameY="0" frameWidth="486" frameHeight="516"/>
	<SubTexture name="BF NOTE UP0010" x="3188" y="1040" width="482" height="516" frameX="-1" frameY="0" frameWidth="486" frameHeight="516"/>
	<SubTexture name="BF NOTE UP0011" x="3188" y="1040" width="482" height="516" frameX="-1" frameY="0" frameWidth="486" frameHeight="516"/>
	<SubTexture name="BF NOTE UP0012" x="3188" y="1040" width="482" height="516" frameX="-1" frameY="0" frameWidth="486" frameHeight="516"/>
	<SubTexture name="BF NOTE UP0013" x="3188" y="1040" width="482" height="516" frameX="-1" frameY="0" frameWidth="486" frameHeight="516"/>
	<SubTexture name="BF NOTE UP MISS0000" x="0" y="1562" width="486" height="516" pivotX="4.8" pivotY="15.25" frameX="0" frameY="-15" frameWidth="486" frameHeight="531"/>
	<SubTexture name="BF NOTE UP MISS0001" x="486" y="1562" width="451" height="526" frameX="-26" frameY="-4" frameWidth="486" frameHeight="531"/>
	<SubTexture name="BF NOTE UP MISS0002" x="486" y="1562" width="451" height="526" frameX="-26" frameY="-4" frameWidth="486" frameHeight="531"/>
	<SubTexture name="BF NOTE UP MISS0003" x="937" y="1562" width="444" height="530" frameX="-30" frameY="0" frameWidth="486" frameHeight="531"/>
	<SubTexture name="BF NOTE UP MISS0004" x="937" y="1562" width="444" height="530" frameX="-30" frameY="0" frameWidth="486" frameHeight="531"/>
	<SubTexture name="BF NOTE UP MISS0005" x="1381" y="1562" width="444" height="530" frameX="-30" frameY="0" frameWidth="486" frameHeight="531"/>
	<SubTexture name="BF NOTE UP MISS0006" x="1381" y="1562" width="444" height="530" frameX="-30" frameY="0" frameWidth="486" frameHeight="531"/>
	<SubTexture name="BF NOTE UP MISS0007" x="937" y="1562" width="444" height="530" frameX="-30" frameY="0" frameWidth="486" frameHeight="531"/>
	<SubTexture name="BF NOTE UP MISS0008" x="937" y="1562" width="444" height="530" frameX="-30" frameY="0" frameWidth="486" frameHeight="531"/>
	<SubTexture name="BF NOTE UP MISS0009" x="1381" y="1562" width="444" height="530" frameX="-30" frameY="0" frameWidth="486" frameHeight="531"/>
	<SubTexture name="BF NOTE UP MISS0010" x="1381" y="1562" width="444" height="530" frameX="-30" frameY="0" frameWidth="486" frameHeight="531"/>
	<SubTexture name="BF NOTE UP MISS0011" x="937" y="1562" width="444" height="530" frameX="-30" frameY="0" frameWidth="486" frameHeight="531"/>
	<SubTexture name="BF NOTE UP MISS0012" x="937" y="1562" width="444" height="530" frameX="-30" frameY="0" frameWidth="486" frameHeight="531"/>
	<SubTexture name="BF NOTE UP MISS0013" x="1381" y="1562" width="444" height="530" frameX="-30" frameY="0" frameWidth="486" frameHeight="531"/>
	<SubTexture name="BF NOTE UP MISS0014" x="1381" y="1562" width="444" height="530" frameX="-30" frameY="0" frameWidth="486" frameHeight="531"/>
	<SubTexture name="BF NOTE UP MISS0015" x="937" y="1562" width="444" height="530" frameX="-30" frameY="0" frameWidth="486" frameHeight="531"/>
	<SubTexture name="BF NOTE UP MISS0016" x="937" y="1562" width="444" height="530" frameX="-30" frameY="0" frameWidth="486" frameHeight="531"/>
	<SubTexture name="BF NOTE UP MISS0017" x="1381" y="1562" width="444" height="530" frameX="-30" frameY="0" frameWidth="486" frameHeight="531"/>
	<SubTexture name="BF NOTE UP MISS0018" x="1381" y="1562" width="444" height="530" frameX="-30" frameY="0" frameWidth="486" frameHeight="531"/>
	<SubTexture name="BF NOTE UP MISS0019" x="937" y="1562" width="444" height="530" frameX="-30" frameY="0" frameWidth="486" frameHeight="531"/>
	<SubTexture name="BF NOTE UP MISS0020" x="937" y="1562" width="444" height="530" frameX="-30" frameY="0" frameWidth="486" frameHeight="531"/>
	<SubTexture name="BF NOTE UP MISS0021" x="1381" y="1562" width="444" height="530" frameX="-30" frameY="0" frameWidth="486" frameHeight="531"/>
	<SubTexture name="BF NOTE UP MISS0022" x="1381" y="1562" width="444" height="530" frameX="-30" frameY="0" frameWidth="486" frameHeight="531"/>
	<SubTexture name="BF NOTE UP MISS0023" x="937" y="1562" width="444" height="530" frameX="-30" frameY="0" frameWidth="486" frameHeight="531"/>
	<SubTexture name="BF NOTE UP MISS0024" x="937" y="1562" width="444" height="530" frameX="-30" frameY="0" frameWidth="486" frameHeight="531"/>
	<SubTexture name="BF idle dance0000" x="1825" y="1562" width="442" height="510" pivotX="10.05" pivotY="34.4" frameX="-21" frameY="-17" frameWidth="463" frameHeight="530"/>
	<SubTexture name="BF idle dance0001" x="1825" y="1562" width="442" height="510" frameX="-21" frameY="-17" frameWidth="463" frameHeight="530"/>
	<SubTexture name="BF idle dance0002" x="2267" y="1562" width="450" height="516" frameX="-13" frameY="-12" frameWidth="463" frameHeight="530"/>
	<SubTexture name="BF idle dance0003" x="2267" y="1562" width="450" height="516" frameX="-13" frameY="-12" frameWidth="463" frameHeight="530"/>
	<SubTexture name="BF idle dance0004" x="2717" y="1562" width="456" height="520" frameX="-3" frameY="-9" frameWidth="463" frameHeight="530"/>
	<SubTexture name="BF idle dance0005" x="3173" y="1562" width="452" height="520" frameX="-3" frameY="-9" frameWidth="463" frameHeight="530"/>
	<SubTexture name="BF idle dance0006" x="3625" y="1562" width="453" height="528" frameX="-2" frameY="-2" frameWidth="463" frameHeight="530"/>
	<SubTexture name="BF idle dance0007" x="0" y="2092" width="451" height="528" frameX="-2" frameY="-2" frameWidth="463" frameHeight="530"/>
	<SubTexture name="BF idle dance0008" x="451" y="2092" width="453" height="530" frameX="0" frameY="0" frameWidth="463" frameHeight="530"/>
	<SubTexture name="BF idle dance0009" x="451" y="2092" width="453" height="530" frameX="0" frameY="0" frameWidth="463" frameHeight="530"/>
	<SubTexture name="BF idle dance0010" x="451" y="2092" width="453" height="530" frameX="0" frameY="0" frameWidth="463" frameHeight="530"/>
	<SubTexture name="BF idle dance0011" x="451" y="2092" width="453" height="530" frameX="0" frameY="0" frameWidth="463" frameHeight="530"/>
	<SubTexture name="BF idle dance0012" x="451" y="2092" width="453" height="530" frameX="0" frameY="0" frameWidth="463" frameHeight="530"/>
	<SubTexture name="BF idle dance0013" x="451" y="2092" width="453" height="530" frameX="0" frameY="0" frameWidth="463" frameHeight="530"/>
</TextureAtlas>
