﻿<?xml version="1.0" encoding="utf-8"?>
<TextureAtlas imagePath="BOYFRIEND.png">
	<!-- Created with Adobe Animate version 21.0.0.35450 -->
	<!-- http://www.adobe.com/products/animate.html -->
	<SubTexture name="BF Dead Loop0000" x="0" y="0" width="439" height="435"/>
	<SubTexture name="BF Dead Loop0001" x="439" y="0" width="439" height="435"/>
	<SubTexture name="BF Dead Loop0002" x="439" y="0" width="439" height="435"/>
	<SubTexture name="BF Dead Loop0003" x="878" y="0" width="439" height="435"/>
	<SubTexture name="BF Dead Loop0004" x="878" y="0" width="439" height="435"/>
	<SubTexture name="BF Dead Loop0005" x="1317" y="0" width="439" height="435"/>
	<SubTexture name="BF Dead Loop0006" x="1317" y="0" width="439" height="435"/>
	<SubTexture name="BF Dead Loop0007" x="1756" y="0" width="439" height="435"/>
	<SubTexture name="BF Dead Loop0008" x="2195" y="0" width="439" height="435"/>
	<SubTexture name="BF Dead Loop0009" x="2195" y="0" width="439" height="435"/>
	<SubTexture name="BF Dead Loop0010" x="2195" y="0" width="439" height="435"/>
	<SubTexture name="BF Dead Loop0011" x="2195" y="0" width="439" height="435"/>
	<SubTexture name="BF Dead Loop0012" x="2195" y="0" width="439" height="435"/>
	<SubTexture name="BF Dead Loop0013" x="2195" y="0" width="439" height="435"/>
	<SubTexture name="BF Dead Loop0014" x="2195" y="0" width="439" height="435"/>
	<SubTexture name="BF Dead Loop0015" x="2195" y="0" width="439" height="435"/>
	<SubTexture name="BF Dead Loop0016" x="2195" y="0" width="439" height="435"/>
	<SubTexture name="BF Dead Loop0017" x="0" y="0" width="439" height="435"/>
	<SubTexture name="BF Dead Loop0018" x="439" y="0" width="439" height="435"/>
	<SubTexture name="BF Dead Loop0019" x="439" y="0" width="439" height="435"/>
	<SubTexture name="BF Dead Loop0020" x="878" y="0" width="439" height="435"/>
	<SubTexture name="BF Dead Loop0021" x="878" y="0" width="439" height="435"/>
	<SubTexture name="BF Dead Loop0022" x="1317" y="0" width="439" height="435"/>
	<SubTexture name="BF Dead Loop0023" x="1317" y="0" width="439" height="435"/>
	<SubTexture name="BF Dead Loop0024" x="2195" y="0" width="439" height="435"/>
	<SubTexture name="BF Dead Loop0025" x="2195" y="0" width="439" height="435"/>
	<SubTexture name="BF Dead Loop0026" x="2195" y="0" width="439" height="435"/>
	<SubTexture name="BF Dead Loop0027" x="2195" y="0" width="439" height="435"/>
	<SubTexture name="BF Dead Loop0028" x="2195" y="0" width="439" height="435"/>
	<SubTexture name="BF Dead Loop0029" x="2195" y="0" width="439" height="435"/>
	<SubTexture name="BF Dead Loop0030" x="1756" y="0" width="439" height="435"/>
	<SubTexture name="BF Dead Loop0031" x="2195" y="0" width="439" height="435"/>
	<SubTexture name="BF Dead Loop0032" x="2195" y="0" width="439" height="435"/>
	<SubTexture name="BF Dead Loop0033" x="2195" y="0" width="439" height="435"/>
	<SubTexture name="BF Dead confirm0000" x="2634" y="0" width="439" height="435" frameX="0" frameY="-64" frameWidth="439" frameHeight="499"/>
	<SubTexture name="BF Dead confirm0001" x="3073" y="0" width="439" height="469" frameX="0" frameY="-30" frameWidth="439" frameHeight="499"/>
	<SubTexture name="BF Dead confirm0002" x="3512" y="0" width="439" height="499"/>
	<SubTexture name="BF Dead confirm0003" x="3951" y="0" width="439" height="469" frameX="0" frameY="-30" frameWidth="439" frameHeight="499"/>
	<SubTexture name="BF Dead confirm0004" x="4390" y="0" width="439" height="469" frameX="0" frameY="-30" frameWidth="439" frameHeight="499"/>
	<SubTexture name="BF Dead confirm0005" x="4829" y="0" width="439" height="469" frameX="0" frameY="-30" frameWidth="439" frameHeight="499"/>
	<SubTexture name="BF Dead confirm0006" x="5268" y="0" width="439" height="469" frameX="0" frameY="-30" frameWidth="439" frameHeight="499"/>
	<SubTexture name="BF Dead confirm0007" x="5707" y="0" width="439" height="469" frameX="0" frameY="-30" frameWidth="439" frameHeight="499"/>
	<SubTexture name="BF Dead confirm0008" x="6146" y="0" width="439" height="469" frameX="0" frameY="-30" frameWidth="439" frameHeight="499"/>
	<SubTexture name="BF Dead confirm0009" x="6585" y="0" width="439" height="469" frameX="0" frameY="-30" frameWidth="439" frameHeight="499"/>
	<SubTexture name="BF Dead confirm0010" x="7024" y="0" width="439" height="469" frameX="0" frameY="-30" frameWidth="439" frameHeight="499"/>
	<SubTexture name="BF Dead confirm0011" x="7463" y="0" width="439" height="469" frameX="0" frameY="-30" frameWidth="439" frameHeight="499"/>
	<SubTexture name="BF Dead confirm0012" x="0" y="499" width="439" height="469" frameX="0" frameY="-30" frameWidth="439" frameHeight="499"/>
	<SubTexture name="BF Dead confirm0013" x="439" y="499" width="439" height="469" frameX="0" frameY="-30" frameWidth="439" frameHeight="499"/>
	<SubTexture name="BF Dead confirm0014" x="878" y="499" width="439" height="469" frameX="0" frameY="-30" frameWidth="439" frameHeight="499"/>
	<SubTexture name="BF Dead confirm0015" x="1317" y="499" width="439" height="469" frameX="0" frameY="-30" frameWidth="439" frameHeight="499"/>
	<SubTexture name="BF Dead confirm0016" x="1756" y="499" width="439" height="469" frameX="0" frameY="-30" frameWidth="439" frameHeight="499"/>
	<SubTexture name="BF Dead confirm0017" x="2195" y="499" width="439" height="469" frameX="0" frameY="-30" frameWidth="439" frameHeight="499"/>
	<SubTexture name="BF Dead confirm0018" x="2634" y="499" width="439" height="469" frameX="0" frameY="-30" frameWidth="439" frameHeight="499"/>
	<SubTexture name="BF Dead confirm0019" x="3073" y="499" width="439" height="469" frameX="0" frameY="-30" frameWidth="439" frameHeight="499"/>
	<SubTexture name="BF Dead confirm0020" x="3512" y="499" width="439" height="469" frameX="0" frameY="-30" frameWidth="439" frameHeight="499"/>
	<SubTexture name="BF Dead confirm0021" x="3951" y="499" width="439" height="469" frameX="0" frameY="-30" frameWidth="439" frameHeight="499"/>
	<SubTexture name="BF Dead confirm0022" x="4390" y="499" width="439" height="469" frameX="0" frameY="-30" frameWidth="439" frameHeight="499"/>
	<SubTexture name="BF Dead confirm0023" x="4829" y="499" width="439" height="469" frameX="0" frameY="-30" frameWidth="439" frameHeight="499"/>
	<SubTexture name="BF Dead confirm0024" x="4829" y="499" width="439" height="469" frameX="0" frameY="-30" frameWidth="439" frameHeight="499"/>
	<SubTexture name="BF Dead confirm0025" x="4829" y="499" width="439" height="469" frameX="0" frameY="-30" frameWidth="439" frameHeight="499"/>
	<SubTexture name="BF Dead confirm0026" x="4829" y="499" width="439" height="469" frameX="0" frameY="-30" frameWidth="439" frameHeight="499"/>
	<SubTexture name="BF Dead confirm0027" x="4829" y="499" width="439" height="469" frameX="0" frameY="-30" frameWidth="439" frameHeight="499"/>
	<SubTexture name="BF Dead confirm0028" x="4829" y="499" width="439" height="469" frameX="0" frameY="-30" frameWidth="439" frameHeight="499"/>
	<SubTexture name="BF Dead confirm0029" x="4829" y="499" width="439" height="469" frameX="0" frameY="-30" frameWidth="439" frameHeight="499"/>
	<SubTexture name="BF Dead confirm0030" x="4829" y="499" width="439" height="469" frameX="0" frameY="-30" frameWidth="439" frameHeight="499"/>
	<SubTexture name="BF Dead confirm0031" x="4829" y="499" width="439" height="469" frameX="0" frameY="-30" frameWidth="439" frameHeight="499"/>
	<SubTexture name="BF Dead confirm0032" x="4829" y="499" width="439" height="469" frameX="0" frameY="-30" frameWidth="439" frameHeight="499"/>
	<SubTexture name="BF Dead confirm0033" x="4829" y="499" width="439" height="469" frameX="0" frameY="-30" frameWidth="439" frameHeight="499"/>
	<SubTexture name="BF HEY!!0000" x="5268" y="499" width="452" height="521" frameX="-32" frameY="-3" frameWidth="484" frameHeight="524"/>
	<SubTexture name="BF HEY!!0001" x="5720" y="499" width="465" height="520" frameX="0" frameY="0" frameWidth="484" frameHeight="524"/>
	<SubTexture name="BF HEY!!0002" x="6185" y="499" width="477" height="520" frameX="0" frameY="0" frameWidth="484" frameHeight="524"/>
	<SubTexture name="BF HEY!!0003" x="6185" y="499" width="477" height="520" frameX="0" frameY="0" frameWidth="484" frameHeight="524"/>
	<SubTexture name="BF HEY!!0004" x="6185" y="499" width="477" height="520" frameX="0" frameY="0" frameWidth="484" frameHeight="524"/>
	<SubTexture name="BF HEY!!0005" x="6185" y="499" width="477" height="520" frameX="0" frameY="0" frameWidth="484" frameHeight="524"/>
	<SubTexture name="BF HEY!!0006" x="6185" y="499" width="477" height="520" frameX="0" frameY="0" frameWidth="484" frameHeight="524"/>
	<SubTexture name="BF HEY!!0007" x="6185" y="499" width="477" height="520" frameX="0" frameY="0" frameWidth="484" frameHeight="524"/>
	<SubTexture name="BF HEY!!0008" x="6185" y="499" width="477" height="520" frameX="0" frameY="0" frameWidth="484" frameHeight="524"/>
	<SubTexture name="BF HEY!!0009" x="6185" y="499" width="477" height="520" frameX="0" frameY="0" frameWidth="484" frameHeight="524"/>
	<SubTexture name="BF HEY!!0010" x="6185" y="499" width="477" height="520" frameX="0" frameY="0" frameWidth="484" frameHeight="524"/>
	<SubTexture name="BF HEY!!0011" x="6185" y="499" width="477" height="520" frameX="0" frameY="0" frameWidth="484" frameHeight="524"/>
	<SubTexture name="BF HEY!!0012" x="6185" y="499" width="477" height="520" frameX="0" frameY="0" frameWidth="484" frameHeight="524"/>
	<SubTexture name="BF HEY!!0013" x="6185" y="499" width="477" height="520" frameX="0" frameY="0" frameWidth="484" frameHeight="524"/>
	<SubTexture name="BF HEY!!0014" x="6185" y="499" width="477" height="520" frameX="0" frameY="0" frameWidth="484" frameHeight="524"/>
	<SubTexture name="BF HEY!!0015" x="6185" y="499" width="477" height="520" frameX="0" frameY="0" frameWidth="484" frameHeight="524"/>
	<SubTexture name="BF HEY!!0016" x="6185" y="499" width="477" height="520" frameX="0" frameY="0" frameWidth="484" frameHeight="524"/>
	<SubTexture name="BF HEY!!0017" x="6185" y="499" width="477" height="520" frameX="0" frameY="0" frameWidth="484" frameHeight="524"/>
	<SubTexture name="BF HEY!!0018" x="6185" y="499" width="477" height="520" frameX="0" frameY="0" frameWidth="484" frameHeight="524"/>
	<SubTexture name="BF HEY!!0019" x="6185" y="499" width="477" height="520" frameX="0" frameY="0" frameWidth="484" frameHeight="524"/>
	<SubTexture name="BF HEY!!0020" x="6185" y="499" width="477" height="520" frameX="0" frameY="0" frameWidth="484" frameHeight="524"/>
	<SubTexture name="BF HEY!!0021" x="6185" y="499" width="477" height="520" frameX="0" frameY="0" frameWidth="484" frameHeight="524"/>
	<SubTexture name="BF HEY!!0022" x="6185" y="499" width="477" height="520" frameX="0" frameY="0" frameWidth="484" frameHeight="524"/>
	<SubTexture name="BF HEY!!0023" x="6185" y="499" width="477" height="520" frameX="0" frameY="0" frameWidth="484" frameHeight="524"/>
	<SubTexture name="BF HEY!!0024" x="6185" y="499" width="477" height="520" frameX="0" frameY="0" frameWidth="484" frameHeight="524"/>
	<SubTexture name="BF NOTE DOWN0000" x="6662" y="499" width="510" height="410" frameX="-12" frameY="-10" frameWidth="522" frameHeight="421"/>
	<SubTexture name="BF NOTE DOWN0001" x="6662" y="499" width="510" height="410" frameX="-12" frameY="-10" frameWidth="522" frameHeight="421"/>
	<SubTexture name="BF NOTE DOWN0002" x="7172" y="499" width="517" height="421" frameX="0" frameY="0" frameWidth="522" frameHeight="421"/>
	<SubTexture name="BF NOTE DOWN0003" x="7172" y="499" width="517" height="421" frameX="0" frameY="0" frameWidth="522" frameHeight="421"/>
	<SubTexture name="BF NOTE DOWN0004" x="7172" y="499" width="517" height="421" frameX="0" frameY="0" frameWidth="522" frameHeight="421"/>
	<SubTexture name="BF NOTE DOWN0005" x="7172" y="499" width="517" height="421" frameX="0" frameY="0" frameWidth="522" frameHeight="421"/>
	<SubTexture name="BF NOTE DOWN0006" x="7172" y="499" width="517" height="421" frameX="0" frameY="0" frameWidth="522" frameHeight="421"/>
	<SubTexture name="BF NOTE DOWN0007" x="7172" y="499" width="517" height="421" frameX="0" frameY="0" frameWidth="522" frameHeight="421"/>
	<SubTexture name="BF NOTE DOWN0008" x="7172" y="499" width="517" height="421" frameX="0" frameY="0" frameWidth="522" frameHeight="421"/>
	<SubTexture name="BF NOTE DOWN0009" x="7172" y="499" width="517" height="421" frameX="0" frameY="0" frameWidth="522" frameHeight="421"/>
	<SubTexture name="BF NOTE DOWN0010" x="7172" y="499" width="517" height="421" frameX="0" frameY="0" frameWidth="522" frameHeight="421"/>
	<SubTexture name="BF NOTE DOWN MISS0000" x="0" y="1020" width="509" height="409" frameX="0" frameY="-23" frameWidth="509" frameHeight="432"/>
	<SubTexture name="BF NOTE DOWN MISS0001" x="509" y="1020" width="494" height="431" frameX="-11" frameY="0" frameWidth="509" frameHeight="432"/>
	<SubTexture name="BF NOTE DOWN MISS0002" x="509" y="1020" width="494" height="431" frameX="-11" frameY="0" frameWidth="509" frameHeight="432"/>
	<SubTexture name="BF NOTE DOWN MISS0003" x="1003" y="1020" width="498" height="425" frameX="-8" frameY="-3" frameWidth="509" frameHeight="432"/>
	<SubTexture name="BF NOTE DOWN MISS0004" x="1003" y="1020" width="498" height="425" frameX="-8" frameY="-3" frameWidth="509" frameHeight="432"/>
	<SubTexture name="BF NOTE DOWN MISS0005" x="1501" y="1020" width="498" height="425" frameX="-8" frameY="-3" frameWidth="509" frameHeight="432"/>
	<SubTexture name="BF NOTE DOWN MISS0006" x="1501" y="1020" width="498" height="425" frameX="-8" frameY="-3" frameWidth="509" frameHeight="432"/>
	<SubTexture name="BF NOTE DOWN MISS0007" x="1003" y="1020" width="498" height="425" frameX="-8" frameY="-3" frameWidth="509" frameHeight="432"/>
	<SubTexture name="BF NOTE DOWN MISS0008" x="1003" y="1020" width="498" height="425" frameX="-8" frameY="-3" frameWidth="509" frameHeight="432"/>
	<SubTexture name="BF NOTE DOWN MISS0009" x="1501" y="1020" width="498" height="425" frameX="-8" frameY="-3" frameWidth="509" frameHeight="432"/>
	<SubTexture name="BF NOTE DOWN MISS0010" x="1501" y="1020" width="498" height="425" frameX="-8" frameY="-3" frameWidth="509" frameHeight="432"/>
	<SubTexture name="BF NOTE DOWN MISS0011" x="1003" y="1020" width="498" height="425" frameX="-8" frameY="-3" frameWidth="509" frameHeight="432"/>
	<SubTexture name="BF NOTE DOWN MISS0012" x="1003" y="1020" width="498" height="425" frameX="-8" frameY="-3" frameWidth="509" frameHeight="432"/>
	<SubTexture name="BF NOTE DOWN MISS0013" x="1501" y="1020" width="498" height="425" frameX="-8" frameY="-3" frameWidth="509" frameHeight="432"/>
	<SubTexture name="BF NOTE DOWN MISS0014" x="1501" y="1020" width="498" height="425" frameX="-8" frameY="-3" frameWidth="509" frameHeight="432"/>
	<SubTexture name="BF NOTE DOWN MISS0015" x="1003" y="1020" width="498" height="425" frameX="-8" frameY="-3" frameWidth="509" frameHeight="432"/>
	<SubTexture name="BF NOTE DOWN MISS0016" x="1003" y="1020" width="498" height="425" frameX="-8" frameY="-3" frameWidth="509" frameHeight="432"/>
	<SubTexture name="BF NOTE DOWN MISS0017" x="1501" y="1020" width="498" height="425" frameX="-8" frameY="-3" frameWidth="509" frameHeight="432"/>
	<SubTexture name="BF NOTE DOWN MISS0018" x="1501" y="1020" width="498" height="425" frameX="-8" frameY="-3" frameWidth="509" frameHeight="432"/>
	<SubTexture name="BF NOTE DOWN MISS0019" x="1003" y="1020" width="498" height="425" frameX="-8" frameY="-3" frameWidth="509" frameHeight="432"/>
	<SubTexture name="BF NOTE DOWN MISS0020" x="1003" y="1020" width="498" height="425" frameX="-8" frameY="-3" frameWidth="509" frameHeight="432"/>
	<SubTexture name="BF NOTE DOWN MISS0021" x="1501" y="1020" width="498" height="425" frameX="-8" frameY="-3" frameWidth="509" frameHeight="432"/>
	<SubTexture name="BF NOTE DOWN MISS0022" x="1501" y="1020" width="498" height="425" frameX="-8" frameY="-3" frameWidth="509" frameHeight="432"/>
	<SubTexture name="BF NOTE DOWN MISS0023" x="1003" y="1020" width="498" height="425" frameX="-8" frameY="-3" frameWidth="509" frameHeight="432"/>
	<SubTexture name="BF NOTE DOWN MISS0024" x="1003" y="1020" width="498" height="425" frameX="-8" frameY="-3" frameWidth="509" frameHeight="432"/>
	<SubTexture name="BF NOTE LEFT0000" x="1999" y="1020" width="487" height="518" frameX="-7" frameY="-1" frameWidth="512" frameHeight="519"/>
	<SubTexture name="BF NOTE LEFT0001" x="1999" y="1020" width="487" height="518" frameX="-7" frameY="-1" frameWidth="512" frameHeight="519"/>
	<SubTexture name="BF NOTE LEFT0002" x="2486" y="1020" width="493" height="519" frameX="-1" frameY="0" frameWidth="512" frameHeight="519"/>
	<SubTexture name="BF NOTE LEFT0003" x="2486" y="1020" width="493" height="519" frameX="-1" frameY="0" frameWidth="512" frameHeight="519"/>
	<SubTexture name="BF NOTE LEFT0004" x="2979" y="1020" width="512" height="519"/>
	<SubTexture name="BF NOTE LEFT0005" x="2979" y="1020" width="512" height="519"/>
	<SubTexture name="BF NOTE LEFT0006" x="2979" y="1020" width="512" height="519"/>
	<SubTexture name="BF NOTE LEFT0007" x="2979" y="1020" width="512" height="519"/>
	<SubTexture name="BF NOTE LEFT0008" x="2979" y="1020" width="512" height="519"/>
	<SubTexture name="BF NOTE LEFT0009" x="2979" y="1020" width="512" height="519"/>
	<SubTexture name="BF NOTE LEFT0010" x="2979" y="1020" width="512" height="519"/>
	<SubTexture name="BF NOTE LEFT0011" x="2979" y="1020" width="512" height="519"/>
	<SubTexture name="BF NOTE LEFT0012" x="2979" y="1020" width="512" height="519"/>
	<SubTexture name="BF NOTE LEFT0013" x="2979" y="1020" width="512" height="519"/>
	<SubTexture name="BF NOTE LEFT0014" x="2979" y="1020" width="512" height="519"/>
	<SubTexture name="BF NOTE LEFT0015" x="2979" y="1020" width="512" height="519"/>
	<SubTexture name="BF NOTE LEFT0016" x="2979" y="1020" width="512" height="519"/>
	<SubTexture name="BF NOTE LEFT MISS0000" x="3491" y="1020" width="513" height="519" frameX="0" frameY="-6" frameWidth="513" frameHeight="525"/>
	<SubTexture name="BF NOTE LEFT MISS0001" x="4004" y="1020" width="459" height="500" frameX="-36" frameY="0" frameWidth="513" frameHeight="525"/>
	<SubTexture name="BF NOTE LEFT MISS0002" x="4004" y="1020" width="459" height="500" frameX="-36" frameY="0" frameWidth="513" frameHeight="525"/>
	<SubTexture name="BF NOTE LEFT MISS0003" x="4463" y="1020" width="460" height="499" frameX="-33" frameY="-6" frameWidth="513" frameHeight="525"/>
	<SubTexture name="BF NOTE LEFT MISS0004" x="4463" y="1020" width="460" height="499" frameX="-33" frameY="-6" frameWidth="513" frameHeight="525"/>
	<SubTexture name="BF NOTE LEFT MISS0005" x="4923" y="1020" width="460" height="499" frameX="-33" frameY="-6" frameWidth="513" frameHeight="525"/>
	<SubTexture name="BF NOTE LEFT MISS0006" x="4923" y="1020" width="460" height="499" frameX="-33" frameY="-6" frameWidth="513" frameHeight="525"/>
	<SubTexture name="BF NOTE LEFT MISS0007" x="4463" y="1020" width="460" height="499" frameX="-33" frameY="-6" frameWidth="513" frameHeight="525"/>
	<SubTexture name="BF NOTE LEFT MISS0008" x="4463" y="1020" width="460" height="499" frameX="-33" frameY="-6" frameWidth="513" frameHeight="525"/>
	<SubTexture name="BF NOTE LEFT MISS0009" x="4923" y="1020" width="460" height="499" frameX="-33" frameY="-6" frameWidth="513" frameHeight="525"/>
	<SubTexture name="BF NOTE LEFT MISS0010" x="4923" y="1020" width="460" height="499" frameX="-33" frameY="-6" frameWidth="513" frameHeight="525"/>
	<SubTexture name="BF NOTE LEFT MISS0011" x="4463" y="1020" width="460" height="499" frameX="-33" frameY="-6" frameWidth="513" frameHeight="525"/>
	<SubTexture name="BF NOTE LEFT MISS0012" x="4463" y="1020" width="460" height="499" frameX="-33" frameY="-6" frameWidth="513" frameHeight="525"/>
	<SubTexture name="BF NOTE LEFT MISS0013" x="4923" y="1020" width="460" height="499" frameX="-33" frameY="-6" frameWidth="513" frameHeight="525"/>
	<SubTexture name="BF NOTE LEFT MISS0014" x="4923" y="1020" width="460" height="499" frameX="-33" frameY="-6" frameWidth="513" frameHeight="525"/>
	<SubTexture name="BF NOTE LEFT MISS0015" x="4463" y="1020" width="460" height="499" frameX="-33" frameY="-6" frameWidth="513" frameHeight="525"/>
	<SubTexture name="BF NOTE LEFT MISS0016" x="4463" y="1020" width="460" height="499" frameX="-33" frameY="-6" frameWidth="513" frameHeight="525"/>
	<SubTexture name="BF NOTE LEFT MISS0017" x="4923" y="1020" width="460" height="499" frameX="-33" frameY="-6" frameWidth="513" frameHeight="525"/>
	<SubTexture name="BF NOTE LEFT MISS0018" x="4923" y="1020" width="460" height="499" frameX="-33" frameY="-6" frameWidth="513" frameHeight="525"/>
	<SubTexture name="BF NOTE LEFT MISS0019" x="4463" y="1020" width="460" height="499" frameX="-33" frameY="-6" frameWidth="513" frameHeight="525"/>
	<SubTexture name="BF NOTE LEFT MISS0020" x="4463" y="1020" width="460" height="499" frameX="-33" frameY="-6" frameWidth="513" frameHeight="525"/>
	<SubTexture name="BF NOTE LEFT MISS0021" x="4923" y="1020" width="460" height="499" frameX="-33" frameY="-6" frameWidth="513" frameHeight="525"/>
	<SubTexture name="BF NOTE LEFT MISS0022" x="4923" y="1020" width="460" height="499" frameX="-33" frameY="-6" frameWidth="513" frameHeight="525"/>
	<SubTexture name="BF NOTE LEFT MISS0023" x="4463" y="1020" width="460" height="499" frameX="-33" frameY="-6" frameWidth="513" frameHeight="525"/>
	<SubTexture name="BF NOTE LEFT MISS0024" x="4463" y="1020" width="460" height="499" frameX="-33" frameY="-6" frameWidth="513" frameHeight="525"/>
	<SubTexture name="BF NOTE RIGHT0000" x="5383" y="1020" width="462" height="520"/>
	<SubTexture name="BF NOTE RIGHT0001" x="5383" y="1020" width="462" height="520"/>
	<SubTexture name="BF NOTE RIGHT0002" x="5845" y="1020" width="445" height="519" frameX="0" frameY="-1" frameWidth="462" frameHeight="520"/>
	<SubTexture name="BF NOTE RIGHT0003" x="5845" y="1020" width="445" height="519" frameX="0" frameY="-1" frameWidth="462" frameHeight="520"/>
	<SubTexture name="BF NOTE RIGHT0004" x="5845" y="1020" width="445" height="519" frameX="0" frameY="-1" frameWidth="462" frameHeight="520"/>
	<SubTexture name="BF NOTE RIGHT0005" x="5845" y="1020" width="445" height="519" frameX="0" frameY="-1" frameWidth="462" frameHeight="520"/>
	<SubTexture name="BF NOTE RIGHT0006" x="5845" y="1020" width="445" height="519" frameX="0" frameY="-1" frameWidth="462" frameHeight="520"/>
	<SubTexture name="BF NOTE RIGHT0007" x="5845" y="1020" width="445" height="519" frameX="0" frameY="-1" frameWidth="462" frameHeight="520"/>
	<SubTexture name="BF NOTE RIGHT0008" x="5845" y="1020" width="445" height="519" frameX="0" frameY="-1" frameWidth="462" frameHeight="520"/>
	<SubTexture name="BF NOTE RIGHT0009" x="5845" y="1020" width="445" height="519" frameX="0" frameY="-1" frameWidth="462" frameHeight="520"/>
	<SubTexture name="BF NOTE RIGHT0010" x="5845" y="1020" width="445" height="519" frameX="0" frameY="-1" frameWidth="462" frameHeight="520"/>
	<SubTexture name="BF NOTE RIGHT0011" x="5845" y="1020" width="445" height="519" frameX="0" frameY="-1" frameWidth="462" frameHeight="520"/>
	<SubTexture name="BF NOTE RIGHT0012" x="5845" y="1020" width="445" height="519" frameX="0" frameY="-1" frameWidth="462" frameHeight="520"/>
	<SubTexture name="BF NOTE RIGHT0013" x="5845" y="1020" width="445" height="519" frameX="0" frameY="-1" frameWidth="462" frameHeight="520"/>
	<SubTexture name="BF NOTE RIGHT0014" x="5845" y="1020" width="445" height="519" frameX="0" frameY="-1" frameWidth="462" frameHeight="520"/>
	<SubTexture name="BF NOTE RIGHT0015" x="5845" y="1020" width="445" height="519" frameX="0" frameY="-1" frameWidth="462" frameHeight="520"/>
	<SubTexture name="BF NOTE RIGHT0016" x="5845" y="1020" width="445" height="519" frameX="0" frameY="-1" frameWidth="462" frameHeight="520"/>
	<SubTexture name="BF NOTE RIGHT MISS0000" x="6290" y="1020" width="462" height="520" frameX="-10" frameY="-11" frameWidth="472" frameHeight="531"/>
	<SubTexture name="BF NOTE RIGHT MISS0001" x="6752" y="1020" width="443" height="521" frameX="-5" frameY="-1" frameWidth="472" frameHeight="531"/>
	<SubTexture name="BF NOTE RIGHT MISS0002" x="6752" y="1020" width="443" height="521" frameX="-5" frameY="-1" frameWidth="472" frameHeight="531"/>
	<SubTexture name="BF NOTE RIGHT MISS0003" x="7195" y="1020" width="445" height="522" frameX="0" frameY="0" frameWidth="472" frameHeight="531"/>
	<SubTexture name="BF NOTE RIGHT MISS0004" x="7195" y="1020" width="445" height="522" frameX="0" frameY="0" frameWidth="472" frameHeight="531"/>
	<SubTexture name="BF NOTE RIGHT MISS0005" x="7640" y="1020" width="445" height="522" frameX="0" frameY="0" frameWidth="472" frameHeight="531"/>
	<SubTexture name="BF NOTE RIGHT MISS0006" x="7640" y="1020" width="445" height="522" frameX="0" frameY="0" frameWidth="472" frameHeight="531"/>
	<SubTexture name="BF NOTE RIGHT MISS0007" x="7195" y="1020" width="445" height="522" frameX="0" frameY="0" frameWidth="472" frameHeight="531"/>
	<SubTexture name="BF NOTE RIGHT MISS0008" x="7195" y="1020" width="445" height="522" frameX="0" frameY="0" frameWidth="472" frameHeight="531"/>
	<SubTexture name="BF NOTE RIGHT MISS0009" x="7640" y="1020" width="445" height="522" frameX="0" frameY="0" frameWidth="472" frameHeight="531"/>
	<SubTexture name="BF NOTE RIGHT MISS0010" x="7640" y="1020" width="445" height="522" frameX="0" frameY="0" frameWidth="472" frameHeight="531"/>
	<SubTexture name="BF NOTE RIGHT MISS0011" x="7195" y="1020" width="445" height="522" frameX="0" frameY="0" frameWidth="472" frameHeight="531"/>
	<SubTexture name="BF NOTE RIGHT MISS0012" x="7195" y="1020" width="445" height="522" frameX="0" frameY="0" frameWidth="472" frameHeight="531"/>
	<SubTexture name="BF NOTE RIGHT MISS0013" x="7640" y="1020" width="445" height="522" frameX="0" frameY="0" frameWidth="472" frameHeight="531"/>
	<SubTexture name="BF NOTE RIGHT MISS0014" x="7640" y="1020" width="445" height="522" frameX="0" frameY="0" frameWidth="472" frameHeight="531"/>
	<SubTexture name="BF NOTE RIGHT MISS0015" x="7195" y="1020" width="445" height="522" frameX="0" frameY="0" frameWidth="472" frameHeight="531"/>
	<SubTexture name="BF NOTE RIGHT MISS0016" x="7195" y="1020" width="445" height="522" frameX="0" frameY="0" frameWidth="472" frameHeight="531"/>
	<SubTexture name="BF NOTE RIGHT MISS0017" x="7640" y="1020" width="445" height="522" frameX="0" frameY="0" frameWidth="472" frameHeight="531"/>
	<SubTexture name="BF NOTE RIGHT MISS0018" x="7640" y="1020" width="445" height="522" frameX="0" frameY="0" frameWidth="472" frameHeight="531"/>
	<SubTexture name="BF NOTE RIGHT MISS0019" x="7195" y="1020" width="445" height="522" frameX="0" frameY="0" frameWidth="472" frameHeight="531"/>
	<SubTexture name="BF NOTE RIGHT MISS0020" x="7195" y="1020" width="445" height="522" frameX="0" frameY="0" frameWidth="472" frameHeight="531"/>
	<SubTexture name="BF NOTE RIGHT MISS0021" x="7640" y="1020" width="445" height="522" frameX="0" frameY="0" frameWidth="472" frameHeight="531"/>
	<SubTexture name="BF NOTE RIGHT MISS0022" x="7640" y="1020" width="445" height="522" frameX="0" frameY="0" frameWidth="472" frameHeight="531"/>
	<SubTexture name="BF NOTE RIGHT MISS0023" x="7195" y="1020" width="445" height="522" frameX="0" frameY="0" frameWidth="472" frameHeight="531"/>
	<SubTexture name="BF NOTE RIGHT MISS0024" x="7195" y="1020" width="445" height="522" frameX="0" frameY="0" frameWidth="472" frameHeight="531"/>
	<SubTexture name="BF NOTE UP0000" x="0" y="1542" width="486" height="516"/>
	<SubTexture name="BF NOTE UP0001" x="0" y="1542" width="486" height="516"/>
	<SubTexture name="BF NOTE UP0002" x="486" y="1542" width="482" height="516" frameX="-1" frameY="0" frameWidth="486" frameHeight="516"/>
	<SubTexture name="BF NOTE UP0003" x="486" y="1542" width="482" height="516" frameX="-1" frameY="0" frameWidth="486" frameHeight="516"/>
	<SubTexture name="BF NOTE UP0004" x="486" y="1542" width="482" height="516" frameX="-1" frameY="0" frameWidth="486" frameHeight="516"/>
	<SubTexture name="BF NOTE UP0005" x="486" y="1542" width="482" height="516" frameX="-1" frameY="0" frameWidth="486" frameHeight="516"/>
	<SubTexture name="BF NOTE UP0006" x="486" y="1542" width="482" height="516" frameX="-1" frameY="0" frameWidth="486" frameHeight="516"/>
	<SubTexture name="BF NOTE UP0007" x="486" y="1542" width="482" height="516" frameX="-1" frameY="0" frameWidth="486" frameHeight="516"/>
	<SubTexture name="BF NOTE UP0008" x="486" y="1542" width="482" height="516" frameX="-1" frameY="0" frameWidth="486" frameHeight="516"/>
	<SubTexture name="BF NOTE UP0009" x="486" y="1542" width="482" height="516" frameX="-1" frameY="0" frameWidth="486" frameHeight="516"/>
	<SubTexture name="BF NOTE UP0010" x="486" y="1542" width="482" height="516" frameX="-1" frameY="0" frameWidth="486" frameHeight="516"/>
	<SubTexture name="BF NOTE UP0011" x="486" y="1542" width="482" height="516" frameX="-1" frameY="0" frameWidth="486" frameHeight="516"/>
	<SubTexture name="BF NOTE UP0012" x="486" y="1542" width="482" height="516" frameX="-1" frameY="0" frameWidth="486" frameHeight="516"/>
	<SubTexture name="BF NOTE UP0013" x="486" y="1542" width="482" height="516" frameX="-1" frameY="0" frameWidth="486" frameHeight="516"/>
	<SubTexture name="BF NOTE UP MISS0000" x="968" y="1542" width="486" height="516" frameX="0" frameY="-15" frameWidth="486" frameHeight="531"/>
	<SubTexture name="BF NOTE UP MISS0001" x="1454" y="1542" width="451" height="526" frameX="-26" frameY="-4" frameWidth="486" frameHeight="531"/>
	<SubTexture name="BF NOTE UP MISS0002" x="1454" y="1542" width="451" height="526" frameX="-26" frameY="-4" frameWidth="486" frameHeight="531"/>
	<SubTexture name="BF NOTE UP MISS0003" x="1905" y="1542" width="444" height="530" frameX="-30" frameY="0" frameWidth="486" frameHeight="531"/>
	<SubTexture name="BF NOTE UP MISS0004" x="1905" y="1542" width="444" height="530" frameX="-30" frameY="0" frameWidth="486" frameHeight="531"/>
	<SubTexture name="BF NOTE UP MISS0005" x="2349" y="1542" width="444" height="530" frameX="-30" frameY="0" frameWidth="486" frameHeight="531"/>
	<SubTexture name="BF NOTE UP MISS0006" x="2349" y="1542" width="444" height="530" frameX="-30" frameY="0" frameWidth="486" frameHeight="531"/>
	<SubTexture name="BF NOTE UP MISS0007" x="1905" y="1542" width="444" height="530" frameX="-30" frameY="0" frameWidth="486" frameHeight="531"/>
	<SubTexture name="BF NOTE UP MISS0008" x="1905" y="1542" width="444" height="530" frameX="-30" frameY="0" frameWidth="486" frameHeight="531"/>
	<SubTexture name="BF NOTE UP MISS0009" x="2349" y="1542" width="444" height="530" frameX="-30" frameY="0" frameWidth="486" frameHeight="531"/>
	<SubTexture name="BF NOTE UP MISS0010" x="2349" y="1542" width="444" height="530" frameX="-30" frameY="0" frameWidth="486" frameHeight="531"/>
	<SubTexture name="BF NOTE UP MISS0011" x="1905" y="1542" width="444" height="530" frameX="-30" frameY="0" frameWidth="486" frameHeight="531"/>
	<SubTexture name="BF NOTE UP MISS0012" x="1905" y="1542" width="444" height="530" frameX="-30" frameY="0" frameWidth="486" frameHeight="531"/>
	<SubTexture name="BF NOTE UP MISS0013" x="2349" y="1542" width="444" height="530" frameX="-30" frameY="0" frameWidth="486" frameHeight="531"/>
	<SubTexture name="BF NOTE UP MISS0014" x="2349" y="1542" width="444" height="530" frameX="-30" frameY="0" frameWidth="486" frameHeight="531"/>
	<SubTexture name="BF NOTE UP MISS0015" x="1905" y="1542" width="444" height="530" frameX="-30" frameY="0" frameWidth="486" frameHeight="531"/>
	<SubTexture name="BF NOTE UP MISS0016" x="1905" y="1542" width="444" height="530" frameX="-30" frameY="0" frameWidth="486" frameHeight="531"/>
	<SubTexture name="BF NOTE UP MISS0017" x="2349" y="1542" width="444" height="530" frameX="-30" frameY="0" frameWidth="486" frameHeight="531"/>
	<SubTexture name="BF NOTE UP MISS0018" x="2349" y="1542" width="444" height="530" frameX="-30" frameY="0" frameWidth="486" frameHeight="531"/>
	<SubTexture name="BF NOTE UP MISS0019" x="1905" y="1542" width="444" height="530" frameX="-30" frameY="0" frameWidth="486" frameHeight="531"/>
	<SubTexture name="BF NOTE UP MISS0020" x="1905" y="1542" width="444" height="530" frameX="-30" frameY="0" frameWidth="486" frameHeight="531"/>
	<SubTexture name="BF NOTE UP MISS0021" x="2349" y="1542" width="444" height="530" frameX="-30" frameY="0" frameWidth="486" frameHeight="531"/>
	<SubTexture name="BF NOTE UP MISS0022" x="2349" y="1542" width="444" height="530" frameX="-30" frameY="0" frameWidth="486" frameHeight="531"/>
	<SubTexture name="BF NOTE UP MISS0023" x="1905" y="1542" width="444" height="530" frameX="-30" frameY="0" frameWidth="486" frameHeight="531"/>
	<SubTexture name="BF NOTE UP MISS0024" x="1905" y="1542" width="444" height="530" frameX="-30" frameY="0" frameWidth="486" frameHeight="531"/>
	<SubTexture name="BF dies0000" x="2793" y="1542" width="433" height="415" frameX="-1" frameY="0" frameWidth="439" frameHeight="445"/>
	<SubTexture name="BF dies0001" x="3226" y="1542" width="433" height="415" frameX="-1" frameY="0" frameWidth="439" frameHeight="445"/>
	<SubTexture name="BF dies0002" x="3659" y="1542" width="439" height="412" frameX="0" frameY="-6" frameWidth="439" frameHeight="445"/>
	<SubTexture name="BF dies0003" x="4098" y="1542" width="439" height="412" frameX="0" frameY="-6" frameWidth="439" frameHeight="445"/>
	<SubTexture name="BF dies0004" x="4537" y="1542" width="439" height="412" frameX="0" frameY="-6" frameWidth="439" frameHeight="445"/>
	<SubTexture name="BF dies0005" x="4976" y="1542" width="439" height="412" frameX="0" frameY="-6" frameWidth="439" frameHeight="445"/>
	<SubTexture name="BF dies0006" x="5415" y="1542" width="439" height="412" frameX="0" frameY="-6" frameWidth="439" frameHeight="445"/>
	<SubTexture name="BF dies0007" x="5415" y="1542" width="439" height="412" frameX="0" frameY="-6" frameWidth="439" frameHeight="445"/>
	<SubTexture name="BF dies0008" x="5415" y="1542" width="439" height="412" frameX="0" frameY="-6" frameWidth="439" frameHeight="445"/>
	<SubTexture name="BF dies0009" x="5415" y="1542" width="439" height="412" frameX="0" frameY="-6" frameWidth="439" frameHeight="445"/>
	<SubTexture name="BF dies0010" x="5415" y="1542" width="439" height="412" frameX="0" frameY="-6" frameWidth="439" frameHeight="445"/>
	<SubTexture name="BF dies0011" x="5415" y="1542" width="439" height="412" frameX="0" frameY="-6" frameWidth="439" frameHeight="445"/>
	<SubTexture name="BF dies0012" x="5415" y="1542" width="439" height="412" frameX="0" frameY="-6" frameWidth="439" frameHeight="445"/>
	<SubTexture name="BF dies0013" x="5415" y="1542" width="439" height="412" frameX="0" frameY="-6" frameWidth="439" frameHeight="445"/>
	<SubTexture name="BF dies0014" x="5415" y="1542" width="439" height="412" frameX="0" frameY="-6" frameWidth="439" frameHeight="445"/>
	<SubTexture name="BF dies0015" x="5854" y="1542" width="439" height="412" frameX="0" frameY="-6" frameWidth="439" frameHeight="445"/>
	<SubTexture name="BF dies0016" x="5854" y="1542" width="439" height="412" frameX="0" frameY="-6" frameWidth="439" frameHeight="445"/>
	<SubTexture name="BF dies0017" x="5854" y="1542" width="439" height="412" frameX="0" frameY="-6" frameWidth="439" frameHeight="445"/>
	<SubTexture name="BF dies0018" x="6293" y="1542" width="439" height="412" frameX="0" frameY="-6" frameWidth="439" frameHeight="445"/>
	<SubTexture name="BF dies0019" x="6293" y="1542" width="439" height="412" frameX="0" frameY="-6" frameWidth="439" frameHeight="445"/>
	<SubTexture name="BF dies0020" x="6732" y="1542" width="439" height="412" frameX="0" frameY="-6" frameWidth="439" frameHeight="445"/>
	<SubTexture name="BF dies0021" x="6732" y="1542" width="439" height="412" frameX="0" frameY="-6" frameWidth="439" frameHeight="445"/>
	<SubTexture name="BF dies0022" x="7171" y="1542" width="439" height="412" frameX="0" frameY="-6" frameWidth="439" frameHeight="445"/>
	<SubTexture name="BF dies0023" x="7171" y="1542" width="439" height="412" frameX="0" frameY="-6" frameWidth="439" frameHeight="445"/>
	<SubTexture name="BF dies0024" x="7610" y="1542" width="439" height="412" frameX="0" frameY="-6" frameWidth="439" frameHeight="445"/>
	<SubTexture name="BF dies0025" x="0" y="2072" width="439" height="439" frameX="0" frameY="-6" frameWidth="439" frameHeight="445"/>
	<SubTexture name="BF dies0026" x="0" y="2072" width="439" height="439" frameX="0" frameY="-6" frameWidth="439" frameHeight="445"/>
	<SubTexture name="BF dies0027" x="439" y="2072" width="439" height="434" frameX="0" frameY="-6" frameWidth="439" frameHeight="445"/>
	<SubTexture name="BF dies0028" x="439" y="2072" width="439" height="434" frameX="0" frameY="-6" frameWidth="439" frameHeight="445"/>
	<SubTexture name="BF dies0029" x="878" y="2072" width="439" height="435" frameX="0" frameY="-6" frameWidth="439" frameHeight="445"/>
	<SubTexture name="BF dies0030" x="878" y="2072" width="439" height="435" frameX="0" frameY="-6" frameWidth="439" frameHeight="445"/>
	<SubTexture name="BF dies0031" x="1317" y="2072" width="439" height="435" frameX="0" frameY="-6" frameWidth="439" frameHeight="445"/>
	<SubTexture name="BF dies0032" x="1317" y="2072" width="439" height="435" frameX="0" frameY="-6" frameWidth="439" frameHeight="445"/>
	<SubTexture name="BF dies0033" x="1317" y="2072" width="439" height="435" frameX="0" frameY="-6" frameWidth="439" frameHeight="445"/>
	<SubTexture name="BF dies0034" x="1317" y="2072" width="439" height="435" frameX="0" frameY="-6" frameWidth="439" frameHeight="445"/>
	<SubTexture name="BF dies0035" x="1756" y="2072" width="439" height="435" frameX="0" frameY="-6" frameWidth="439" frameHeight="445"/>
	<SubTexture name="BF dies0036" x="2195" y="2072" width="439" height="435" frameX="0" frameY="-6" frameWidth="439" frameHeight="445"/>
	<SubTexture name="BF dies0037" x="2634" y="2072" width="439" height="435" frameX="0" frameY="-6" frameWidth="439" frameHeight="445"/>
	<SubTexture name="BF dies0038" x="3073" y="2072" width="439" height="435" frameX="0" frameY="-6" frameWidth="439" frameHeight="445"/>
	<SubTexture name="BF dies0039" x="3512" y="2072" width="439" height="435" frameX="0" frameY="-6" frameWidth="439" frameHeight="445"/>
	<SubTexture name="BF dies0040" x="3951" y="2072" width="439" height="435" frameX="0" frameY="-6" frameWidth="439" frameHeight="445"/>
	<SubTexture name="BF dies0041" x="4390" y="2072" width="439" height="435" frameX="0" frameY="-6" frameWidth="439" frameHeight="445"/>
	<SubTexture name="BF dies0042" x="4829" y="2072" width="439" height="435" frameX="0" frameY="-6" frameWidth="439" frameHeight="445"/>
	<SubTexture name="BF dies0043" x="5268" y="2072" width="439" height="435" frameX="0" frameY="-6" frameWidth="439" frameHeight="445"/>
	<SubTexture name="BF dies0044" x="5707" y="2072" width="439" height="435" frameX="0" frameY="-6" frameWidth="439" frameHeight="445"/>
	<SubTexture name="BF dies0045" x="6146" y="2072" width="439" height="435" frameX="0" frameY="-6" frameWidth="439" frameHeight="445"/>
	<SubTexture name="BF dies0046" x="6585" y="2072" width="439" height="435" frameX="0" frameY="-6" frameWidth="439" frameHeight="445"/>
	<SubTexture name="BF dies0047" x="7024" y="2072" width="439" height="435" frameX="0" frameY="-6" frameWidth="439" frameHeight="445"/>
	<SubTexture name="BF dies0048" x="7463" y="2072" width="439" height="435" frameX="0" frameY="-6" frameWidth="439" frameHeight="445"/>
	<SubTexture name="BF dies0049" x="0" y="2511" width="439" height="435" frameX="0" frameY="-6" frameWidth="439" frameHeight="445"/>
	<SubTexture name="BF dies0050" x="439" y="2511" width="439" height="435" frameX="0" frameY="-6" frameWidth="439" frameHeight="445"/>
	<SubTexture name="BF dies0051" x="878" y="2511" width="439" height="435" frameX="0" frameY="-6" frameWidth="439" frameHeight="445"/>
	<SubTexture name="BF dies0052" x="1317" y="2511" width="439" height="435" frameX="0" frameY="-6" frameWidth="439" frameHeight="445"/>
	<SubTexture name="BF dies0053" x="0" y="0" width="439" height="435" frameX="0" frameY="-6" frameWidth="439" frameHeight="435"/>
	<SubTexture name="BF dies0054" x="1756" y="2511" width="439" height="435" frameX="0" frameY="-6" frameWidth="439" frameHeight="445"/>
	<SubTexture name="BF dies0055" x="1756" y="2511" width="439" height="435" frameX="0" frameY="-6" frameWidth="439" frameHeight="445"/>
	<SubTexture name="BF dies0056" x="1756" y="2511" width="439" height="435" frameX="0" frameY="-6" frameWidth="439" frameHeight="445"/>
	<SubTexture name="BF dies0057" x="1756" y="2511" width="439" height="435" frameX="0" frameY="-6" frameWidth="439" frameHeight="445"/>
	<SubTexture name="BF idle dance0000" x="2195" y="2511" width="442" height="510" frameX="-21" frameY="-17" frameWidth="463" frameHeight="530"/>
	<SubTexture name="BF idle dance0001" x="2195" y="2511" width="442" height="510" frameX="-21" frameY="-17" frameWidth="463" frameHeight="530"/>
	<SubTexture name="BF idle dance0002" x="2637" y="2511" width="450" height="516" frameX="-13" frameY="-12" frameWidth="463" frameHeight="530"/>
	<SubTexture name="BF idle dance0003" x="2637" y="2511" width="450" height="516" frameX="-13" frameY="-12" frameWidth="463" frameHeight="530"/>
	<SubTexture name="BF idle dance0004" x="3087" y="2511" width="456" height="520" frameX="-3" frameY="-9" frameWidth="463" frameHeight="530"/>
	<SubTexture name="BF idle dance0005" x="3543" y="2511" width="452" height="520" frameX="-3" frameY="-9" frameWidth="463" frameHeight="530"/>
	<SubTexture name="BF idle dance0006" x="3995" y="2511" width="453" height="528" frameX="-2" frameY="-2" frameWidth="463" frameHeight="530"/>
	<SubTexture name="BF idle dance0007" x="4448" y="2511" width="451" height="528" frameX="-2" frameY="-2" frameWidth="463" frameHeight="530"/>
	<SubTexture name="BF idle dance0008" x="4899" y="2511" width="453" height="530" frameX="0" frameY="0" frameWidth="463" frameHeight="530"/>
	<SubTexture name="BF idle dance0009" x="4899" y="2511" width="453" height="530" frameX="0" frameY="0" frameWidth="463" frameHeight="530"/>
	<SubTexture name="BF idle dance0010" x="4899" y="2511" width="453" height="530" frameX="0" frameY="0" frameWidth="463" frameHeight="530"/>
	<SubTexture name="BF idle dance0011" x="4899" y="2511" width="453" height="530" frameX="0" frameY="0" frameWidth="463" frameHeight="530"/>
	<SubTexture name="BF idle dance0012" x="4899" y="2511" width="453" height="530" frameX="0" frameY="0" frameWidth="463" frameHeight="530"/>
	<SubTexture name="BF idle dance0013" x="4899" y="2511" width="453" height="530" frameX="0" frameY="0" frameWidth="463" frameHeight="530"/>
</TextureAtlas>
