﻿<?xml version="1.0" encoding="utf-8"?>
<TextureAtlas imagePath="Pico_FNF_assetss.png">
	<!-- Created with Adobe Animate version 21.0.0.35450 -->
	<!-- http://www.adobe.com/products/animate.html -->
	<SubTexture name="Pico Down Note0000" x="0" y="0" width="739" height="410" frameX="-12" frameY="-10" frameWidth="751" frameHeight="421"/>
	<SubTexture name="Pico Down Note0001" x="0" y="0" width="739" height="410" frameX="-12" frameY="-10" frameWidth="751" frameHeight="421"/>
	<SubTexture name="Pico Down Note0002" x="739" y="0" width="517" height="421" frameX="0" frameY="0" frameWidth="751" frameHeight="421"/>
	<SubTexture name="Pico Down Note0003" x="739" y="0" width="517" height="421" frameX="0" frameY="0" frameWidth="751" frameHeight="421"/>
	<SubTexture name="Pico Down Note0004" x="739" y="0" width="517" height="421" frameX="0" frameY="0" frameWidth="751" frameHeight="421"/>
	<SubTexture name="Pico Down Note0005" x="739" y="0" width="517" height="421" frameX="0" frameY="0" frameWidth="751" frameHeight="421"/>
	<SubTexture name="Pico Down Note0006" x="739" y="0" width="517" height="421" frameX="0" frameY="0" frameWidth="751" frameHeight="421"/>
	<SubTexture name="Pico Down Note0007" x="739" y="0" width="517" height="421" frameX="0" frameY="0" frameWidth="751" frameHeight="421"/>
	<SubTexture name="Pico Down Note0008" x="739" y="0" width="517" height="421" frameX="0" frameY="0" frameWidth="751" frameHeight="421"/>
	<SubTexture name="Pico Down Note0009" x="739" y="0" width="517" height="421" frameX="0" frameY="0" frameWidth="751" frameHeight="421"/>
	<SubTexture name="Pico Down Note0010" x="739" y="0" width="517" height="421" frameX="0" frameY="0" frameWidth="751" frameHeight="421"/>
	<SubTexture name="Pico Down Note MISS0000" x="739" y="0" width="517" height="421" frameX="0" frameY="-14" frameWidth="751" frameHeight="421"/>
	<SubTexture name="Pico Down Note MISS0001" x="1256" y="0" width="495" height="432" frameX="-20" frameY="0" frameWidth="517" frameHeight="435"/>
	<SubTexture name="Pico Down Note MISS0002" x="1256" y="0" width="495" height="432" frameX="-20" frameY="0" frameWidth="517" frameHeight="435"/>
	<SubTexture name="Pico Down Note MISS0003" x="1751" y="0" width="499" height="426" frameX="-18" frameY="-6" frameWidth="517" frameHeight="435"/>
	<SubTexture name="Pico Down Note MISS0004" x="1751" y="0" width="499" height="426" frameX="-18" frameY="-6" frameWidth="517" frameHeight="435"/>
	<SubTexture name="Pico Down Note MISS0005" x="2250" y="0" width="499" height="426" frameX="-18" frameY="-6" frameWidth="517" frameHeight="435"/>
	<SubTexture name="Pico Down Note MISS0006" x="2250" y="0" width="499" height="426" frameX="-18" frameY="-6" frameWidth="517" frameHeight="435"/>
	<SubTexture name="Pico Down Note MISS0007" x="1751" y="0" width="499" height="426" frameX="-18" frameY="-6" frameWidth="517" frameHeight="435"/>
	<SubTexture name="Pico Down Note MISS0008" x="1751" y="0" width="499" height="426" frameX="-18" frameY="-6" frameWidth="517" frameHeight="435"/>
	<SubTexture name="Pico Down Note MISS0009" x="2250" y="0" width="499" height="426" frameX="-18" frameY="-6" frameWidth="517" frameHeight="435"/>
	<SubTexture name="Pico Down Note MISS0010" x="2250" y="0" width="499" height="426" frameX="-18" frameY="-6" frameWidth="517" frameHeight="435"/>
	<SubTexture name="Pico Down Note MISS0011" x="1751" y="0" width="499" height="426" frameX="-18" frameY="-6" frameWidth="517" frameHeight="435"/>
	<SubTexture name="Pico Down Note MISS0012" x="1751" y="0" width="499" height="426" frameX="-18" frameY="-6" frameWidth="517" frameHeight="435"/>
	<SubTexture name="Pico Down Note MISS0013" x="2250" y="0" width="499" height="426" frameX="-18" frameY="-6" frameWidth="517" frameHeight="435"/>
	<SubTexture name="Pico Down Note MISS0014" x="2250" y="0" width="499" height="426" frameX="-18" frameY="-6" frameWidth="517" frameHeight="435"/>
	<SubTexture name="Pico Down Note MISS0015" x="1751" y="0" width="499" height="426" frameX="-18" frameY="-6" frameWidth="517" frameHeight="435"/>
	<SubTexture name="Pico Down Note MISS0016" x="1751" y="0" width="499" height="426" frameX="-18" frameY="-6" frameWidth="517" frameHeight="435"/>
	<SubTexture name="Pico Down Note MISS0017" x="2250" y="0" width="499" height="426" frameX="-18" frameY="-6" frameWidth="517" frameHeight="435"/>
	<SubTexture name="Pico Down Note MISS0018" x="2250" y="0" width="499" height="426" frameX="-18" frameY="-6" frameWidth="517" frameHeight="435"/>
	<SubTexture name="Pico Down Note MISS0019" x="1751" y="0" width="499" height="426" frameX="-18" frameY="-6" frameWidth="517" frameHeight="435"/>
	<SubTexture name="Pico Down Note MISS0020" x="1751" y="0" width="499" height="426" frameX="-18" frameY="-6" frameWidth="517" frameHeight="435"/>
	<SubTexture name="Pico Down Note MISS0021" x="2250" y="0" width="499" height="426" frameX="-18" frameY="-6" frameWidth="517" frameHeight="435"/>
	<SubTexture name="Pico Down Note MISS0022" x="2250" y="0" width="499" height="426" frameX="-18" frameY="-6" frameWidth="517" frameHeight="435"/>
	<SubTexture name="Pico Down Note MISS0023" x="1751" y="0" width="499" height="426" frameX="-18" frameY="-6" frameWidth="517" frameHeight="435"/>
	<SubTexture name="Pico Down Note MISS0024" x="1751" y="0" width="499" height="426" frameX="-18" frameY="-6" frameWidth="517" frameHeight="435"/>
	<SubTexture name="Pico Idle Dance0000" x="2749" y="0" width="442" height="510" frameX="-21" frameY="-17" frameWidth="463" frameHeight="530"/>
	<SubTexture name="Pico Idle Dance0001" x="2749" y="0" width="442" height="510" frameX="-21" frameY="-17" frameWidth="463" frameHeight="530"/>
	<SubTexture name="Pico Idle Dance0002" x="3191" y="0" width="450" height="516" frameX="-13" frameY="-12" frameWidth="463" frameHeight="530"/>
	<SubTexture name="Pico Idle Dance0003" x="3191" y="0" width="450" height="516" frameX="-13" frameY="-12" frameWidth="463" frameHeight="530"/>
	<SubTexture name="Pico Idle Dance0004" x="0" y="516" width="456" height="520" frameX="-3" frameY="-9" frameWidth="463" frameHeight="530"/>
	<SubTexture name="Pico Idle Dance0005" x="456" y="516" width="452" height="520" frameX="-3" frameY="-9" frameWidth="463" frameHeight="530"/>
	<SubTexture name="Pico Idle Dance0006" x="908" y="516" width="453" height="528" frameX="-2" frameY="-2" frameWidth="463" frameHeight="530"/>
	<SubTexture name="Pico Idle Dance0007" x="1361" y="516" width="451" height="528" frameX="-2" frameY="-2" frameWidth="463" frameHeight="530"/>
	<SubTexture name="Pico Idle Dance0008" x="1812" y="516" width="453" height="530" frameX="0" frameY="0" frameWidth="463" frameHeight="530"/>
	<SubTexture name="Pico Idle Dance0009" x="1812" y="516" width="453" height="530" frameX="0" frameY="0" frameWidth="463" frameHeight="530"/>
	<SubTexture name="Pico Idle Dance0010" x="1812" y="516" width="453" height="530" frameX="0" frameY="0" frameWidth="463" frameHeight="530"/>
	<SubTexture name="Pico Idle Dance0011" x="1812" y="516" width="453" height="530" frameX="0" frameY="0" frameWidth="463" frameHeight="530"/>
	<SubTexture name="Pico Idle Dance0012" x="1812" y="516" width="453" height="530" frameX="0" frameY="0" frameWidth="463" frameHeight="530"/>
	<SubTexture name="Pico Idle Dance0013" x="1812" y="516" width="453" height="530" frameX="0" frameY="0" frameWidth="463" frameHeight="530"/>
	<SubTexture name="Pico NOTE LEFT0000" x="2265" y="516" width="487" height="518" frameX="-7" frameY="-1" frameWidth="512" frameHeight="519"/>
	<SubTexture name="Pico NOTE LEFT0001" x="2265" y="516" width="487" height="518" frameX="-7" frameY="-1" frameWidth="512" frameHeight="519"/>
	<SubTexture name="Pico NOTE LEFT0002" x="2752" y="516" width="493" height="519" frameX="-1" frameY="0" frameWidth="512" frameHeight="519"/>
	<SubTexture name="Pico NOTE LEFT0003" x="2752" y="516" width="493" height="519" frameX="-1" frameY="0" frameWidth="512" frameHeight="519"/>
	<SubTexture name="Pico NOTE LEFT0004" x="3245" y="516" width="512" height="519"/>
	<SubTexture name="Pico NOTE LEFT0005" x="3245" y="516" width="512" height="519"/>
	<SubTexture name="Pico NOTE LEFT0006" x="3245" y="516" width="512" height="519"/>
	<SubTexture name="Pico NOTE LEFT0007" x="3245" y="516" width="512" height="519"/>
	<SubTexture name="Pico NOTE LEFT0008" x="3245" y="516" width="512" height="519"/>
	<SubTexture name="Pico NOTE LEFT0009" x="3245" y="516" width="512" height="519"/>
	<SubTexture name="Pico NOTE LEFT0010" x="3245" y="516" width="512" height="519"/>
	<SubTexture name="Pico NOTE LEFT0011" x="3245" y="516" width="512" height="519"/>
	<SubTexture name="Pico NOTE LEFT0012" x="3245" y="516" width="512" height="519"/>
	<SubTexture name="Pico NOTE LEFT0013" x="3245" y="516" width="512" height="519"/>
	<SubTexture name="Pico NOTE LEFT0014" x="3245" y="516" width="512" height="519"/>
	<SubTexture name="Pico NOTE LEFT0015" x="3245" y="516" width="512" height="519"/>
	<SubTexture name="Pico NOTE LEFT0016" x="3245" y="516" width="512" height="519"/>
	<SubTexture name="Pico NOTE LEFT miss0000" x="3245" y="516" width="512" height="519" frameX="0" frameY="-1" frameWidth="512" frameHeight="519"/>
	<SubTexture name="Pico NOTE LEFT miss0001" x="0" y="1046" width="459" height="500" frameX="-40" frameY="0" frameWidth="512" frameHeight="520"/>
	<SubTexture name="Pico NOTE LEFT miss0002" x="0" y="1046" width="459" height="500" frameX="-40" frameY="0" frameWidth="512" frameHeight="520"/>
	<SubTexture name="Pico NOTE LEFT miss0003" x="459" y="1046" width="460" height="500" frameX="-38" frameY="0" frameWidth="512" frameHeight="520"/>
	<SubTexture name="Pico NOTE LEFT miss0004" x="459" y="1046" width="460" height="500" frameX="-38" frameY="0" frameWidth="512" frameHeight="520"/>
	<SubTexture name="Pico NOTE LEFT miss0005" x="919" y="1046" width="460" height="500" frameX="-38" frameY="0" frameWidth="512" frameHeight="520"/>
	<SubTexture name="Pico NOTE LEFT miss0006" x="919" y="1046" width="460" height="500" frameX="-38" frameY="0" frameWidth="512" frameHeight="520"/>
	<SubTexture name="Pico NOTE LEFT miss0007" x="459" y="1046" width="460" height="500" frameX="-38" frameY="0" frameWidth="512" frameHeight="520"/>
	<SubTexture name="Pico NOTE LEFT miss0008" x="459" y="1046" width="460" height="500" frameX="-38" frameY="0" frameWidth="512" frameHeight="520"/>
	<SubTexture name="Pico NOTE LEFT miss0009" x="919" y="1046" width="460" height="500" frameX="-38" frameY="0" frameWidth="512" frameHeight="520"/>
	<SubTexture name="Pico NOTE LEFT miss0010" x="919" y="1046" width="460" height="500" frameX="-38" frameY="0" frameWidth="512" frameHeight="520"/>
	<SubTexture name="Pico NOTE LEFT miss0011" x="459" y="1046" width="460" height="500" frameX="-38" frameY="0" frameWidth="512" frameHeight="520"/>
	<SubTexture name="Pico NOTE LEFT miss0012" x="459" y="1046" width="460" height="500" frameX="-38" frameY="0" frameWidth="512" frameHeight="520"/>
	<SubTexture name="Pico NOTE LEFT miss0013" x="919" y="1046" width="460" height="500" frameX="-38" frameY="0" frameWidth="512" frameHeight="520"/>
	<SubTexture name="Pico NOTE LEFT miss0014" x="919" y="1046" width="460" height="500" frameX="-38" frameY="0" frameWidth="512" frameHeight="520"/>
	<SubTexture name="Pico NOTE LEFT miss0015" x="459" y="1046" width="460" height="500" frameX="-38" frameY="0" frameWidth="512" frameHeight="520"/>
	<SubTexture name="Pico NOTE LEFT miss0016" x="459" y="1046" width="460" height="500" frameX="-38" frameY="0" frameWidth="512" frameHeight="520"/>
	<SubTexture name="Pico NOTE LEFT miss0017" x="919" y="1046" width="460" height="500" frameX="-38" frameY="0" frameWidth="512" frameHeight="520"/>
	<SubTexture name="Pico NOTE LEFT miss0018" x="919" y="1046" width="460" height="500" frameX="-38" frameY="0" frameWidth="512" frameHeight="520"/>
	<SubTexture name="Pico NOTE LEFT miss0019" x="459" y="1046" width="460" height="500" frameX="-38" frameY="0" frameWidth="512" frameHeight="520"/>
	<SubTexture name="Pico NOTE LEFT miss0020" x="459" y="1046" width="460" height="500" frameX="-38" frameY="0" frameWidth="512" frameHeight="520"/>
	<SubTexture name="Pico NOTE LEFT miss0021" x="919" y="1046" width="460" height="500" frameX="-38" frameY="0" frameWidth="512" frameHeight="520"/>
	<SubTexture name="Pico NOTE LEFT miss0022" x="919" y="1046" width="460" height="500" frameX="-38" frameY="0" frameWidth="512" frameHeight="520"/>
	<SubTexture name="Pico NOTE LEFT miss0023" x="459" y="1046" width="460" height="500" frameX="-38" frameY="0" frameWidth="512" frameHeight="520"/>
	<SubTexture name="Pico NOTE LEFT miss0024" x="459" y="1046" width="460" height="500" frameX="-38" frameY="0" frameWidth="512" frameHeight="520"/>
	<SubTexture name="Pico Note Right0000" x="1379" y="1046" width="462" height="520"/>
	<SubTexture name="Pico Note Right0001" x="1379" y="1046" width="462" height="520"/>
	<SubTexture name="Pico Note Right0002" x="1841" y="1046" width="445" height="519" frameX="0" frameY="-1" frameWidth="462" frameHeight="520"/>
	<SubTexture name="Pico Note Right0003" x="1841" y="1046" width="445" height="519" frameX="0" frameY="-1" frameWidth="462" frameHeight="520"/>
	<SubTexture name="Pico Note Right0004" x="1841" y="1046" width="445" height="519" frameX="0" frameY="-1" frameWidth="462" frameHeight="520"/>
	<SubTexture name="Pico Note Right0005" x="1841" y="1046" width="445" height="519" frameX="0" frameY="-1" frameWidth="462" frameHeight="520"/>
	<SubTexture name="Pico Note Right0006" x="1841" y="1046" width="445" height="519" frameX="0" frameY="-1" frameWidth="462" frameHeight="520"/>
	<SubTexture name="Pico Note Right0007" x="1841" y="1046" width="445" height="519" frameX="0" frameY="-1" frameWidth="462" frameHeight="520"/>
	<SubTexture name="Pico Note Right0008" x="1841" y="1046" width="445" height="519" frameX="0" frameY="-1" frameWidth="462" frameHeight="520"/>
	<SubTexture name="Pico Note Right0009" x="1841" y="1046" width="445" height="519" frameX="0" frameY="-1" frameWidth="462" frameHeight="520"/>
	<SubTexture name="Pico Note Right0010" x="1841" y="1046" width="445" height="519" frameX="0" frameY="-1" frameWidth="462" frameHeight="520"/>
	<SubTexture name="Pico Note Right0011" x="1841" y="1046" width="445" height="519" frameX="0" frameY="-1" frameWidth="462" frameHeight="520"/>
	<SubTexture name="Pico Note Right0012" x="1841" y="1046" width="445" height="519" frameX="0" frameY="-1" frameWidth="462" frameHeight="520"/>
	<SubTexture name="Pico Note Right0013" x="1841" y="1046" width="445" height="519" frameX="0" frameY="-1" frameWidth="462" frameHeight="520"/>
	<SubTexture name="Pico Note Right0014" x="1841" y="1046" width="445" height="519" frameX="0" frameY="-1" frameWidth="462" frameHeight="520"/>
	<SubTexture name="Pico Note Right0015" x="1841" y="1046" width="445" height="519" frameX="0" frameY="-1" frameWidth="462" frameHeight="520"/>
	<SubTexture name="Pico Note Right0016" x="1841" y="1046" width="445" height="519" frameX="0" frameY="-1" frameWidth="462" frameHeight="520"/>
	<SubTexture name="Pico Note Right Miss0000" x="2286" y="1046" width="462" height="520" frameX="-7" frameY="-22" frameWidth="469" frameHeight="542"/>
	<SubTexture name="Pico Note Right Miss0001" x="2748" y="1046" width="443" height="522" frameX="0" frameY="0" frameWidth="469" frameHeight="542"/>
	<SubTexture name="Pico Note Right Miss0002" x="2748" y="1046" width="443" height="522" frameX="0" frameY="0" frameWidth="469" frameHeight="542"/>
	<SubTexture name="Pico Note Right Miss0003" x="3191" y="1046" width="445" height="522" frameX="-1" frameY="0" frameWidth="469" frameHeight="542"/>
	<SubTexture name="Pico Note Right Miss0004" x="3191" y="1046" width="445" height="522" frameX="-1" frameY="0" frameWidth="469" frameHeight="542"/>
	<SubTexture name="Pico Note Right Miss0005" x="3636" y="1046" width="445" height="522" frameX="-1" frameY="0" frameWidth="469" frameHeight="542"/>
	<SubTexture name="Pico Note Right Miss0006" x="3636" y="1046" width="445" height="522" frameX="-1" frameY="0" frameWidth="469" frameHeight="542"/>
	<SubTexture name="Pico Note Right Miss0007" x="3191" y="1046" width="445" height="522" frameX="-1" frameY="0" frameWidth="469" frameHeight="542"/>
	<SubTexture name="Pico Note Right Miss0008" x="3191" y="1046" width="445" height="522" frameX="-1" frameY="0" frameWidth="469" frameHeight="542"/>
	<SubTexture name="Pico Note Right Miss0009" x="3636" y="1046" width="445" height="522" frameX="-1" frameY="0" frameWidth="469" frameHeight="542"/>
	<SubTexture name="Pico Note Right Miss0010" x="3636" y="1046" width="445" height="522" frameX="-1" frameY="0" frameWidth="469" frameHeight="542"/>
	<SubTexture name="Pico Note Right Miss0011" x="3191" y="1046" width="445" height="522" frameX="-1" frameY="0" frameWidth="469" frameHeight="542"/>
	<SubTexture name="Pico Note Right Miss0012" x="3191" y="1046" width="445" height="522" frameX="-1" frameY="0" frameWidth="469" frameHeight="542"/>
	<SubTexture name="Pico Note Right Miss0013" x="3636" y="1046" width="445" height="522" frameX="-1" frameY="0" frameWidth="469" frameHeight="542"/>
	<SubTexture name="Pico Note Right Miss0014" x="3636" y="1046" width="445" height="522" frameX="-1" frameY="0" frameWidth="469" frameHeight="542"/>
	<SubTexture name="Pico Note Right Miss0015" x="3191" y="1046" width="445" height="522" frameX="-1" frameY="0" frameWidth="469" frameHeight="542"/>
	<SubTexture name="Pico Note Right Miss0016" x="3191" y="1046" width="445" height="522" frameX="-1" frameY="0" frameWidth="469" frameHeight="542"/>
	<SubTexture name="Pico Note Right Miss0017" x="3636" y="1046" width="445" height="522" frameX="-1" frameY="0" frameWidth="469" frameHeight="542"/>
	<SubTexture name="Pico Note Right Miss0018" x="3636" y="1046" width="445" height="522" frameX="-1" frameY="0" frameWidth="469" frameHeight="542"/>
	<SubTexture name="Pico Note Right Miss0019" x="3191" y="1046" width="445" height="522" frameX="-1" frameY="0" frameWidth="469" frameHeight="542"/>
	<SubTexture name="Pico Note Right Miss0020" x="3191" y="1046" width="445" height="522" frameX="-1" frameY="0" frameWidth="469" frameHeight="542"/>
	<SubTexture name="Pico Note Right Miss0021" x="3636" y="1046" width="445" height="522" frameX="-1" frameY="0" frameWidth="469" frameHeight="542"/>
	<SubTexture name="Pico Note Right Miss0022" x="3636" y="1046" width="445" height="522" frameX="-1" frameY="0" frameWidth="469" frameHeight="542"/>
	<SubTexture name="Pico Note Right Miss0023" x="3191" y="1046" width="445" height="522" frameX="-1" frameY="0" frameWidth="469" frameHeight="542"/>
	<SubTexture name="Pico Note Right Miss0024" x="3191" y="1046" width="445" height="522" frameX="-1" frameY="0" frameWidth="469" frameHeight="542"/>
	<SubTexture name="pico Up note0000" x="0" y="1568" width="486" height="516"/>
	<SubTexture name="pico Up note0001" x="0" y="1568" width="486" height="516"/>
	<SubTexture name="pico Up note0002" x="486" y="1568" width="482" height="516" frameX="-1" frameY="0" frameWidth="486" frameHeight="516"/>
	<SubTexture name="pico Up note0003" x="486" y="1568" width="482" height="516" frameX="-1" frameY="0" frameWidth="486" frameHeight="516"/>
	<SubTexture name="pico Up note0004" x="486" y="1568" width="482" height="516" frameX="-1" frameY="0" frameWidth="486" frameHeight="516"/>
	<SubTexture name="pico Up note0005" x="486" y="1568" width="482" height="516" frameX="-1" frameY="0" frameWidth="486" frameHeight="516"/>
	<SubTexture name="pico Up note0006" x="486" y="1568" width="482" height="516" frameX="-1" frameY="0" frameWidth="486" frameHeight="516"/>
	<SubTexture name="pico Up note0007" x="486" y="1568" width="482" height="516" frameX="-1" frameY="0" frameWidth="486" frameHeight="516"/>
	<SubTexture name="pico Up note0008" x="486" y="1568" width="482" height="516" frameX="-1" frameY="0" frameWidth="486" frameHeight="516"/>
	<SubTexture name="pico Up note0009" x="486" y="1568" width="482" height="516" frameX="-1" frameY="0" frameWidth="486" frameHeight="516"/>
	<SubTexture name="pico Up note0010" x="486" y="1568" width="482" height="516" frameX="-1" frameY="0" frameWidth="486" frameHeight="516"/>
	<SubTexture name="pico Up note0011" x="486" y="1568" width="482" height="516" frameX="-1" frameY="0" frameWidth="486" frameHeight="516"/>
	<SubTexture name="pico Up note0012" x="486" y="1568" width="482" height="516" frameX="-1" frameY="0" frameWidth="486" frameHeight="516"/>
	<SubTexture name="pico Up note0013" x="486" y="1568" width="482" height="516" frameX="-1" frameY="0" frameWidth="486" frameHeight="516"/>
	<SubTexture name="pico Up note miss0000" x="968" y="1568" width="486" height="516" frameX="0" frameY="-15" frameWidth="486" frameHeight="531"/>
	<SubTexture name="pico Up note miss0001" x="1454" y="1568" width="451" height="526" frameX="-26" frameY="-4" frameWidth="486" frameHeight="531"/>
	<SubTexture name="pico Up note miss0002" x="1454" y="1568" width="451" height="526" frameX="-26" frameY="-4" frameWidth="486" frameHeight="531"/>
	<SubTexture name="pico Up note miss0003" x="1905" y="1568" width="444" height="530" frameX="-30" frameY="0" frameWidth="486" frameHeight="531"/>
	<SubTexture name="pico Up note miss0004" x="1905" y="1568" width="444" height="530" frameX="-30" frameY="0" frameWidth="486" frameHeight="531"/>
	<SubTexture name="pico Up note miss0005" x="2349" y="1568" width="444" height="530" frameX="-30" frameY="0" frameWidth="486" frameHeight="531"/>
	<SubTexture name="pico Up note miss0006" x="2349" y="1568" width="444" height="530" frameX="-30" frameY="0" frameWidth="486" frameHeight="531"/>
	<SubTexture name="pico Up note miss0007" x="1905" y="1568" width="444" height="530" frameX="-30" frameY="0" frameWidth="486" frameHeight="531"/>
	<SubTexture name="pico Up note miss0008" x="1905" y="1568" width="444" height="530" frameX="-30" frameY="0" frameWidth="486" frameHeight="531"/>
	<SubTexture name="pico Up note miss0009" x="2349" y="1568" width="444" height="530" frameX="-30" frameY="0" frameWidth="486" frameHeight="531"/>
	<SubTexture name="pico Up note miss0010" x="2349" y="1568" width="444" height="530" frameX="-30" frameY="0" frameWidth="486" frameHeight="531"/>
	<SubTexture name="pico Up note miss0011" x="1905" y="1568" width="444" height="530" frameX="-30" frameY="0" frameWidth="486" frameHeight="531"/>
	<SubTexture name="pico Up note miss0012" x="1905" y="1568" width="444" height="530" frameX="-30" frameY="0" frameWidth="486" frameHeight="531"/>
	<SubTexture name="pico Up note miss0013" x="2349" y="1568" width="444" height="530" frameX="-30" frameY="0" frameWidth="486" frameHeight="531"/>
	<SubTexture name="pico Up note miss0014" x="2349" y="1568" width="444" height="530" frameX="-30" frameY="0" frameWidth="486" frameHeight="531"/>
	<SubTexture name="pico Up note miss0015" x="1905" y="1568" width="444" height="530" frameX="-30" frameY="0" frameWidth="486" frameHeight="531"/>
	<SubTexture name="pico Up note miss0016" x="1905" y="1568" width="444" height="530" frameX="-30" frameY="0" frameWidth="486" frameHeight="531"/>
	<SubTexture name="pico Up note miss0017" x="2349" y="1568" width="444" height="530" frameX="-30" frameY="0" frameWidth="486" frameHeight="531"/>
	<SubTexture name="pico Up note miss0018" x="2349" y="1568" width="444" height="530" frameX="-30" frameY="0" frameWidth="486" frameHeight="531"/>
	<SubTexture name="pico Up note miss0019" x="1905" y="1568" width="444" height="530" frameX="-30" frameY="0" frameWidth="486" frameHeight="531"/>
	<SubTexture name="pico Up note miss0020" x="1905" y="1568" width="444" height="530" frameX="-30" frameY="0" frameWidth="486" frameHeight="531"/>
	<SubTexture name="pico Up note miss0021" x="2349" y="1568" width="444" height="530" frameX="-30" frameY="0" frameWidth="486" frameHeight="531"/>
	<SubTexture name="pico Up note miss0022" x="2349" y="1568" width="444" height="530" frameX="-30" frameY="0" frameWidth="486" frameHeight="531"/>
	<SubTexture name="pico Up note miss0023" x="1905" y="1568" width="444" height="530" frameX="-30" frameY="0" frameWidth="486" frameHeight="531"/>
	<SubTexture name="pico Up note miss0024" x="1905" y="1568" width="444" height="530" frameX="-30" frameY="0" frameWidth="486" frameHeight="531"/>
</TextureAtlas>
